series.date;series.value.localized;series.asset
2021-11-17;13.35;IE00BMH5YR69
2021-11-18;13.32;IE00BMH5YR69
2021-11-19;13.44;IE00BMH5YR69
2021-11-20;13.44;IE00BMH5YR69
2021-11-21;13.44;IE00BMH5YR69
2021-11-22;13.42;IE00BMH5YR69
2021-11-23;13.34;IE00BMH5YR69
2021-11-24;13.42;IE00BMH5YR69
2021-11-25;13.46;IE00BMH5YR69
2021-11-26;12.90;IE00BMH5YR69
2021-11-27;12.90;IE00BMH5YR69
2021-11-28;12.90;IE00BMH5YR69
2021-11-29;13.04;IE00BMH5YR69
2021-11-30;12.76;IE00BMH5YR69
2021-12-01;12.74;IE00BMH5YR69
2021-12-02;12.76;IE00BMH5YR69
2021-12-03;12.56;IE00BMH5YR69
2021-12-04;12.56;IE00BMH5YR69
2021-12-05;12.56;IE00BMH5YR69
2021-12-06;12.62;IE00BMH5YR69
2021-12-07;13.06;IE00BMH5YR69
2021-12-08;13.05;IE00BMH5YR69
2021-12-09;12.79;IE00BMH5YR69
2021-12-10;12.92;IE00BMH5YR69
2021-12-11;12.92;IE00BMH5YR69
2021-12-12;12.92;IE00BMH5YR69
2021-12-13;12.65;IE00BMH5YR69
2021-12-14;12.49;IE00BMH5YR69
2021-12-15;12.73;IE00BMH5YR69
2021-12-16;12.42;IE00BMH5YR69
2021-12-17;12.35;IE00BMH5YR69
2021-12-18;12.35;IE00BMH5YR69
2021-12-19;12.35;IE00BMH5YR69
2021-12-20;12.10;IE00BMH5YR69
2021-12-21;12.39;IE00BMH5YR69
2021-12-22;12.57;IE00BMH5YR69
2021-12-23;12.75;IE00BMH5YR69
2021-12-24;12.78;IE00BMH5YR69
2021-12-25;12.78;IE00BMH5YR69
2021-12-26;12.78;IE00BMH5YR69
2021-12-27;12.94;IE00BMH5YR69
2021-12-28;12.86;IE00BMH5YR69
2021-12-29;12.88;IE00BMH5YR69
2021-12-30;12.86;IE00BMH5YR69
2021-12-31;12.86;IE00BMH5YR69
2022-01-01;12.86;IE00BMH5YR69
2022-01-02;12.86;IE00BMH5YR69
2022-01-03;13.08;IE00BMH5YR69
2022-01-04;13.30;IE00BMH5YR69
2022-01-05;12.98;IE00BMH5YR69
2022-01-06;12.95;IE00BMH5YR69
2022-01-07;12.90;IE00BMH5YR69
2022-01-08;12.90;IE00BMH5YR69
2022-01-09;12.90;IE00BMH5YR69
2022-01-10;12.82;IE00BMH5YR69
2022-01-11;12.98;IE00BMH5YR69
2022-01-12;13.08;IE00BMH5YR69
2022-01-13;12.89;IE00BMH5YR69
2022-01-14;12.94;IE00BMH5YR69
2022-01-15;12.94;IE00BMH5YR69
2022-01-16;12.94;IE00BMH5YR69
2022-01-17;13.02;IE00BMH5YR69
2022-01-18;12.73;IE00BMH5YR69
2022-01-19;12.44;IE00BMH5YR69
2022-01-20;12.29;IE00BMH5YR69
2022-01-21;11.97;IE00BMH5YR69
2022-01-22;11.97;IE00BMH5YR69
2022-01-23;11.97;IE00BMH5YR69
2022-01-24;11.91;IE00BMH5YR69
2022-01-25;11.69;IE00BMH5YR69
2022-01-26;11.71;IE00BMH5YR69
2022-01-27;11.50;IE00BMH5YR69
2022-01-28;11.64;IE00BMH5YR69
2022-01-29;11.64;IE00BMH5YR69
2022-01-30;11.64;IE00BMH5YR69
2022-01-31;12.07;IE00BMH5YR69
2022-02-01;12.10;IE00BMH5YR69
2022-02-02;12.07;IE00BMH5YR69
2022-02-03;11.74;IE00BMH5YR69
2022-02-04;11.58;IE00BMH5YR69
2022-02-05;11.58;IE00BMH5YR69
2022-02-06;11.58;IE00BMH5YR69
2022-02-07;11.58;IE00BMH5YR69
2022-02-08;11.82;IE00BMH5YR69
2022-02-09;12.15;IE00BMH5YR69
2022-02-10;11.97;IE00BMH5YR69
2022-02-11;11.68;IE00BMH5YR69
2022-02-12;11.68;IE00BMH5YR69
2022-02-13;11.68;IE00BMH5YR69
2022-02-14;11.68;IE00BMH5YR69
2022-02-15;12.12;IE00BMH5YR69
2022-02-16;12.18;IE00BMH5YR69
2022-02-17;11.86;IE00BMH5YR69
2022-02-18;11.71;IE00BMH5YR69
2022-02-19;11.71;IE00BMH5YR69
2022-02-20;11.71;IE00BMH5YR69
2022-02-21;11.49;IE00BMH5YR69
2022-02-22;11.38;IE00BMH5YR69
2022-02-23;11.20;IE00BMH5YR69
2022-02-24;11.43;IE00BMH5YR69
2022-02-25;11.64;IE00BMH5YR69
2022-02-26;11.64;IE00BMH5YR69
2022-02-27;11.64;IE00BMH5YR69
2022-02-28;11.72;IE00BMH5YR69
2022-03-01;11.40;IE00BMH5YR69
2022-03-02;11.57;IE00BMH5YR69
2022-03-03;11.39;IE00BMH5YR69
2022-03-04;11.14;IE00BMH5YR69
2022-03-05;11.14;IE00BMH5YR69
2022-03-06;11.14;IE00BMH5YR69
2022-03-07;10.69;IE00BMH5YR69
2022-03-08;10.80;IE00BMH5YR69
2022-03-09;11.11;IE00BMH5YR69
2022-03-10;10.97;IE00BMH5YR69
2022-03-11;10.79;IE00BMH5YR69
2022-03-12;10.79;IE00BMH5YR69
2022-03-13;10.79;IE00BMH5YR69
2022-03-14;10.48;IE00BMH5YR69
2022-03-15;10.65;IE00BMH5YR69
2022-03-16;11.22;IE00BMH5YR69
2022-03-17;11.33;IE00BMH5YR69
2022-03-18;11.56;IE00BMH5YR69
2022-03-19;11.56;IE00BMH5YR69
2022-03-20;11.56;IE00BMH5YR69
2022-03-21;11.49;IE00BMH5YR69
2022-03-22;11.75;IE00BMH5YR69
2022-03-23;11.72;IE00BMH5YR69
2022-03-24;11.92;IE00BMH5YR69
2022-03-25;11.83;IE00BMH5YR69
2022-03-26;11.83;IE00BMH5YR69
2022-03-27;11.83;IE00BMH5YR69
2022-03-28;11.89;IE00BMH5YR69
2022-03-29;12.17;IE00BMH5YR69
2022-03-30;12.02;IE00BMH5YR69
2022-03-31;11.87;IE00BMH5YR69
2022-04-01;11.87;IE00BMH5YR69
2022-04-02;11.87;IE00BMH5YR69
2022-04-03;11.87;IE00BMH5YR69
2022-04-04;12.23;IE00BMH5YR69
2022-04-05;11.86;IE00BMH5YR69
2022-04-06;11.55;IE00BMH5YR69
2022-04-07;11.41;IE00BMH5YR69
2022-04-08;11.30;IE00BMH5YR69
2022-04-09;11.30;IE00BMH5YR69
2022-04-10;11.30;IE00BMH5YR69
2022-04-11;11.09;IE00BMH5YR69
2022-04-12;11.08;IE00BMH5YR69
2022-04-13;11.33;IE00BMH5YR69
2022-04-14;11.15;IE00BMH5YR69
2022-04-15;11.29;IE00BMH5YR69
2022-04-16;11.29;IE00BMH5YR69
2022-04-17;11.29;IE00BMH5YR69
2022-04-18;11.11;IE00BMH5YR69
2022-04-19;11.42;IE00BMH5YR69
2022-04-20;11.35;IE00BMH5YR69
2022-04-21;11.03;IE00BMH5YR69
2022-04-22;10.83;IE00BMH5YR69
2022-04-23;10.83;IE00BMH5YR69
2022-04-24;10.83;IE00BMH5YR69
2022-04-25;10.91;IE00BMH5YR69
2022-04-26;10.62;IE00BMH5YR69
2022-04-27;10.73;IE00BMH5YR69
2022-04-28;11.12;IE00BMH5YR69
2022-04-29;10.95;IE00BMH5YR69
2022-04-30;10.95;IE00BMH5YR69
2022-05-01;10.95;IE00BMH5YR69
2022-05-02;11.09;IE00BMH5YR69
2022-05-03;11.16;IE00BMH5YR69
2022-05-04;11.56;IE00BMH5YR69
2022-05-05;11.06;IE00BMH5YR69
2022-05-06;10.89;IE00BMH5YR69
2022-05-07;10.89;IE00BMH5YR69
2022-05-08;10.89;IE00BMH5YR69
2022-05-09;10.32;IE00BMH5YR69
2022-05-10;10.34;IE00BMH5YR69
2022-05-11;10.07;IE00BMH5YR69
2022-05-12;10.20;IE00BMH5YR69
2022-05-13;10.71;IE00BMH5YR69
2022-05-14;10.71;IE00BMH5YR69
2022-05-15;10.71;IE00BMH5YR69
2022-05-16;10.53;IE00BMH5YR69
2022-05-17;10.84;IE00BMH5YR69
2022-05-18;10.57;IE00BMH5YR69
2022-05-19;10.61;IE00BMH5YR69
2022-05-20;10.51;IE00BMH5YR69
2022-05-21;10.51;IE00BMH5YR69
2022-05-22;10.51;IE00BMH5YR69
2022-05-23;10.56;IE00BMH5YR69
2022-05-24;10.26;IE00BMH5YR69
2022-05-25;10.44;IE00BMH5YR69
2022-05-26;10.78;IE00BMH5YR69
2022-05-27;11.13;IE00BMH5YR69
2022-05-28;11.13;IE00BMH5YR69
2022-05-29;11.13;IE00BMH5YR69
2022-05-30;11.21;IE00BMH5YR69
2022-05-31;11.11;IE00BMH5YR69
2022-06-01;10.89;IE00BMH5YR69
2022-06-02;11.26;IE00BMH5YR69
2022-06-03;10.95;IE00BMH5YR69
2022-06-04;10.95;IE00BMH5YR69
2022-06-05;10.95;IE00BMH5YR69
2022-06-06;11.09;IE00BMH5YR69
2022-06-07;11.18;IE00BMH5YR69
2022-06-08;11.03;IE00BMH5YR69
2022-06-09;10.72;IE00BMH5YR69
2022-06-10;10.57;IE00BMH5YR69
2022-06-11;10.57;IE00BMH5YR69
2022-06-12;10.57;IE00BMH5YR69
2022-06-13;10.10;IE00BMH5YR69
2022-06-14;10.10;IE00BMH5YR69
2022-06-15;10.31;IE00BMH5YR69
2022-06-16;9.88;IE00BMH5YR69
2022-06-17;9.88;IE00BMH5YR69
2022-06-18;9.88;IE00BMH5YR69
2022-06-19;9.88;IE00BMH5YR69
2022-06-20;9.91;IE00BMH5YR69
2022-06-21;10.11;IE00BMH5YR69
2022-06-22;10.07;IE00BMH5YR69
2022-06-23;10.05;IE00BMH5YR69
2022-06-24;10.33;IE00BMH5YR69
2022-06-25;10.33;IE00BMH5YR69
2022-06-26;10.33;IE00BMH5YR69
2022-06-27;10.35;IE00BMH5YR69
2022-06-28;10.18;IE00BMH5YR69
2022-06-29;9.94;IE00BMH5YR69
2022-06-30;9.92;IE00BMH5YR69
2022-07-01;9.82;IE00BMH5YR69
2022-07-02;9.82;IE00BMH5YR69
2022-07-03;9.82;IE00BMH5YR69
2022-07-04;9.80;IE00BMH5YR69
2022-07-05;9.96;IE00BMH5YR69
2022-07-06;9.98;IE00BMH5YR69
2022-07-07;10.38;IE00BMH5YR69
2022-07-08;10.48;IE00BMH5YR69
2022-07-09;10.48;IE00BMH5YR69
2022-07-10;10.48;IE00BMH5YR69
2022-07-11;10.21;IE00BMH5YR69
2022-07-12;10.27;IE00BMH5YR69
2022-07-13;10.28;IE00BMH5YR69
2022-07-14;10.28;IE00BMH5YR69
2022-07-15;10.39;IE00BMH5YR69
2022-07-16;10.39;IE00BMH5YR69
2022-07-17;10.39;IE00BMH5YR69
2022-07-18;10.39;IE00BMH5YR69
2022-07-19;10.61;IE00BMH5YR69
2022-07-20;10.82;IE00BMH5YR69
2022-07-21;10.97;IE00BMH5YR69
2022-07-22;10.78;IE00BMH5YR69
2022-07-23;10.78;IE00BMH5YR69
2022-07-24;10.78;IE00BMH5YR69
2022-07-25;10.71;IE00BMH5YR69
2022-07-26;10.69;IE00BMH5YR69
2022-07-27;10.95;IE00BMH5YR69
2022-07-28;11.25;IE00BMH5YR69
2022-07-29;11.31;IE00BMH5YR69
2022-07-30;11.31;IE00BMH5YR69
2022-07-31;11.31;IE00BMH5YR69
2022-08-01;11.35;IE00BMH5YR69
2022-08-02;11.38;IE00BMH5YR69
2022-08-03;11.59;IE00BMH5YR69
2022-08-04;11.64;IE00BMH5YR69
2022-08-05;11.54;IE00BMH5YR69
2022-08-06;11.54;IE00BMH5YR69
2022-08-07;11.54;IE00BMH5YR69
2022-08-08;11.67;IE00BMH5YR69
2022-08-09;11.37;IE00BMH5YR69
2022-08-10;11.81;IE00BMH5YR69
2022-08-11;11.78;IE00BMH5YR69
2022-08-12;12.12;IE00BMH5YR69
2022-08-13;12.12;IE00BMH5YR69
2022-08-14;12.12;IE00BMH5YR69
2022-08-15;12.28;IE00BMH5YR69
2022-08-16;12.25;IE00BMH5YR69
2022-08-17;11.93;IE00BMH5YR69
2022-08-18;11.96;IE00BMH5YR69
2022-08-19;11.78;IE00BMH5YR69
2022-08-20;11.78;IE00BMH5YR69
2022-08-21;11.78;IE00BMH5YR69
2022-08-22;11.51;IE00BMH5YR69
2022-08-23;11.66;IE00BMH5YR69
2022-08-24;11.80;IE00BMH5YR69
2022-08-25;12.02;IE00BMH5YR69
2022-08-26;11.61;IE00BMH5YR69
2022-08-27;11.61;IE00BMH5YR69
2022-08-28;11.61;IE00BMH5YR69
2022-08-29;11.51;IE00BMH5YR69
2022-08-30;11.34;IE00BMH5YR69
2022-08-31;11.32;IE00BMH5YR69
2022-09-01;11.06;IE00BMH5YR69
2022-09-02;10.99;IE00BMH5YR69
2022-09-03;10.99;IE00BMH5YR69
2022-09-04;10.99;IE00BMH5YR69
2022-09-05;10.98;IE00BMH5YR69
2022-09-06;10.94;IE00BMH5YR69
2022-09-07;11.18;IE00BMH5YR69
2022-09-08;11.20;IE00BMH5YR69
2022-09-09;11.45;IE00BMH5YR69
2022-09-10;11.45;IE00BMH5YR69
2022-09-11;11.45;IE00BMH5YR69
2022-09-12;11.49;IE00BMH5YR69
2022-09-13;11.09;IE00BMH5YR69
2022-09-14;11.29;IE00BMH5YR69
2022-09-15;11.19;IE00BMH5YR69
2022-09-16;11.09;IE00BMH5YR69
2022-09-17;11.09;IE00BMH5YR69
2022-09-18;11.09;IE00BMH5YR69
2022-09-19;11.19;IE00BMH5YR69
2022-09-20;11.03;IE00BMH5YR69
2022-09-21;10.92;IE00BMH5YR69
2022-09-22;10.66;IE00BMH5YR69
2022-09-23;10.44;IE00BMH5YR69
2022-09-24;10.44;IE00BMH5YR69
2022-09-25;10.44;IE00BMH5YR69
2022-09-26;10.37;IE00BMH5YR69
2022-09-27;10.48;IE00BMH5YR69
2022-09-28;10.66;IE00BMH5YR69
2022-09-29;10.14;IE00BMH5YR69
2022-09-30;9.94;IE00BMH5YR69
2022-10-01;9.94;IE00BMH5YR69
2022-10-02;9.94;IE00BMH5YR69
2022-10-03;10.16;IE00BMH5YR69
2022-10-04;10.52;IE00BMH5YR69
2022-10-05;10.38;IE00BMH5YR69
2022-10-06;10.40;IE00BMH5YR69
2022-10-07;10.11;IE00BMH5YR69
2022-10-08;10.11;IE00BMH5YR69
2022-10-09;10.11;IE00BMH5YR69
2022-10-10;10.01;IE00BMH5YR69
2022-10-11;9.84;IE00BMH5YR69
2022-10-12;9.77;IE00BMH5YR69
2022-10-13;9.87;IE00BMH5YR69
2022-10-14;9.63;IE00BMH5YR69
2022-10-15;9.63;IE00BMH5YR69
2022-10-16;9.63;IE00BMH5YR69
2022-10-17;9.89;IE00BMH5YR69
2022-10-18;9.91;IE00BMH5YR69
2022-10-19;9.94;IE00BMH5YR69
2022-10-20;9.86;IE00BMH5YR69
2022-10-21;10.15;IE00BMH5YR69
2022-10-22;10.15;IE00BMH5YR69
2022-10-23;10.15;IE00BMH5YR69
2022-10-24;10.07;IE00BMH5YR69
2022-10-25;10.38;IE00BMH5YR69
2022-10-26;10.18;IE00BMH5YR69
2022-10-27;10.09;IE00BMH5YR69
2022-10-28;10.27;IE00BMH5YR69
2022-10-29;10.27;IE00BMH5YR69
2022-10-30;10.27;IE00BMH5YR69
2022-10-31;10.32;IE00BMH5YR69
2022-11-01;10.33;IE00BMH5YR69
2022-11-02;10.12;IE00BMH5YR69
2022-11-03;10.17;IE00BMH5YR69
2022-11-04;10.38;IE00BMH5YR69
2022-11-05;10.38;IE00BMH5YR69
2022-11-06;10.38;IE00BMH5YR69
2022-11-07;10.36;IE00BMH5YR69
2022-11-08;10.47;IE00BMH5YR69
2022-11-09;10.12;IE00BMH5YR69
2022-11-10;10.87;IE00BMH5YR69
2022-11-11;10.83;IE00BMH5YR69
2022-11-12;10.83;IE00BMH5YR69
2022-11-13;10.83;IE00BMH5YR69
2022-11-14;10.74;IE00BMH5YR69
2022-11-15;10.73;IE00BMH5YR69
2022-11-16;10.42;IE00BMH5YR69
2022-11-17;10.42;IE00BMH5YR69
2022-11-18;10.43;IE00BMH5YR69
2022-11-19;10.43;IE00BMH5YR69
2022-11-20;10.43;IE00BMH5YR69
2022-11-21;10.38;IE00BMH5YR69
2022-11-22;10.49;IE00BMH5YR69
2022-11-23;10.57;IE00BMH5YR69
2022-11-24;10.55;IE00BMH5YR69
2022-11-25;10.41;IE00BMH5YR69
2022-11-26;10.41;IE00BMH5YR69
2022-11-27;10.41;IE00BMH5YR69
2022-11-28;10.08;IE00BMH5YR69
2022-11-29;10.21;IE00BMH5YR69
2022-11-30;10.57;IE00BMH5YR69
2022-12-01;10.58;IE00BMH5YR69
2022-12-02;10.54;IE00BMH5YR69
2022-12-03;10.54;IE00BMH5YR69
2022-12-04;10.54;IE00BMH5YR69
2022-12-05;10.27;IE00BMH5YR69
2022-12-06;10.14;IE00BMH5YR69
2022-12-07;10.04;IE00BMH5YR69
2022-12-08;10.11;IE00BMH5YR69
2022-12-09;9.98;IE00BMH5YR69
2022-12-10;9.98;IE00BMH5YR69
2022-12-11;9.98;IE00BMH5YR69
2022-12-12;10.03;IE00BMH5YR69
2022-12-13;10.18;IE00BMH5YR69
2022-12-14;10.03;IE00BMH5YR69
2022-12-15;9.71;IE00BMH5YR69
2022-12-16;9.58;IE00BMH5YR69
2022-12-17;9.58;IE00BMH5YR69
2022-12-18;9.58;IE00BMH5YR69
2022-12-19;9.40;IE00BMH5YR69
2022-12-20;9.36;IE00BMH5YR69
2022-12-21;9.40;IE00BMH5YR69
2022-12-22;9.17;IE00BMH5YR69
2022-12-23;9.14;IE00BMH5YR69
2022-12-24;9.14;IE00BMH5YR69
2022-12-25;9.14;IE00BMH5YR69
2022-12-26;9.12;IE00BMH5YR69
2022-12-27;9.01;IE00BMH5YR69
2022-12-28;8.85;IE00BMH5YR69
2022-12-29;9.06;IE00BMH5YR69
2022-12-30;9.06;IE00BMH5YR69
2022-12-31;9.06;IE00BMH5YR69
2023-01-01;9.06;IE00BMH5YR69
2023-01-02;9.13;IE00BMH5YR69
2023-01-03;9.14;IE00BMH5YR69
2023-01-04;9.30;IE00BMH5YR69
2023-01-05;9.21;IE00BMH5YR69
2023-01-06;9.56;IE00BMH5YR69
2023-01-07;9.56;IE00BMH5YR69
2023-01-08;9.56;IE00BMH5YR69
2023-01-09;9.58;IE00BMH5YR69
2023-01-10;9.67;IE00BMH5YR69
2023-01-11;9.84;IE00BMH5YR69
2023-01-12;10.00;IE00BMH5YR69
2023-01-13;9.97;IE00BMH5YR69
2023-01-14;9.97;IE00BMH5YR69
2023-01-15;9.97;IE00BMH5YR69
2023-01-16;9.94;IE00BMH5YR69
2023-01-17;9.98;IE00BMH5YR69
2023-01-18;9.95;IE00BMH5YR69
2023-01-19;9.75;IE00BMH5YR69
2023-01-20;9.98;IE00BMH5YR69
2023-01-21;9.98;IE00BMH5YR69
2023-01-22;9.98;IE00BMH5YR69
2023-01-23;10.23;IE00BMH5YR69
2023-01-24;10.25;IE00BMH5YR69
2023-01-25;10.26;IE00BMH5YR69
2023-01-26;10.41;IE00BMH5YR69
2023-01-27;10.60;IE00BMH5YR69
2023-01-28;10.60;IE00BMH5YR69
2023-01-29;10.60;IE00BMH5YR69
2023-01-30;10.35;IE00BMH5YR69
2023-01-31;10.58;IE00BMH5YR69
2023-02-01;10.78;IE00BMH5YR69
2023-02-02;10.95;IE00BMH5YR69
2023-02-03;10.84;IE00BMH5YR69
2023-02-04;10.84;IE00BMH5YR69
2023-02-05;10.84;IE00BMH5YR69
2023-02-06;10.85;IE00BMH5YR69
2023-02-07;11.07;IE00BMH5YR69
2023-02-08;10.91;IE00BMH5YR69
2023-02-09;10.82;IE00BMH5YR69
2023-02-10;10.72;IE00BMH5YR69
2023-02-11;10.72;IE00BMH5YR69
2023-02-12;10.72;IE00BMH5YR69
2023-02-13;10.81;IE00BMH5YR69
2023-02-14;10.87;IE00BMH5YR69
2023-02-15;11.08;IE00BMH5YR69
2023-02-16;10.96;IE00BMH5YR69
2023-02-17;10.91;IE00BMH5YR69
2023-02-18;10.91;IE00BMH5YR69
2023-02-19;10.91;IE00BMH5YR69
2023-02-20;10.80;IE00BMH5YR69
2023-02-21;10.58;IE00BMH5YR69
2023-02-22;10.54;IE00BMH5YR69
2023-02-23;10.66;IE00BMH5YR69
2023-02-24;10.52;IE00BMH5YR69
2023-02-25;10.52;IE00BMH5YR69
2023-02-26;10.52;IE00BMH5YR69
2023-02-27;10.67;IE00BMH5YR69
2023-02-28;10.64;IE00BMH5YR69
2023-03-01;10.60;IE00BMH5YR69
2023-03-02;10.67;IE00BMH5YR69
2023-03-03;10.95;IE00BMH5YR69
2023-03-04;10.95;IE00BMH5YR69
2023-03-05;10.95;IE00BMH5YR69
2023-03-06;10.83;IE00BMH5YR69
2023-03-07;10.60;IE00BMH5YR69
2023-03-08;10.78;IE00BMH5YR69
2023-03-09;10.54;IE00BMH5YR69
2023-03-10;10.31;IE00BMH5YR69
2023-03-11;10.31;IE00BMH5YR69
2023-03-12;10.31;IE00BMH5YR69
2023-03-13;10.12;IE00BMH5YR69
2023-03-14;10.13;IE00BMH5YR69
2023-03-15;10.11;IE00BMH5YR69
2023-03-16;10.24;IE00BMH5YR69
2023-03-17;10.13;IE00BMH5YR69
2023-03-18;10.13;IE00BMH5YR69
2023-03-19;10.13;IE00BMH5YR69
2023-03-20;10.06;IE00BMH5YR69
2023-03-21;10.21;IE00BMH5YR69
2023-03-22;10.10;IE00BMH5YR69
2023-03-23;10.13;IE00BMH5YR69
2023-03-24;10.15;IE00BMH5YR69
2023-03-25;10.15;IE00BMH5YR69
2023-03-26;10.15;IE00BMH5YR69
2023-03-27;10.12;IE00BMH5YR69
2023-03-28;10.10;IE00BMH5YR69
2023-03-29;10.33;IE00BMH5YR69
2023-03-30;10.40;IE00BMH5YR69
2023-03-31;10.57;IE00BMH5YR69
2023-04-01;10.57;IE00BMH5YR69
2023-04-02;10.57;IE00BMH5YR69
2023-04-03;10.50;IE00BMH5YR69
2023-04-04;10.31;IE00BMH5YR69
2023-04-05;10.06;IE00BMH5YR69
2023-04-06;10.02;IE00BMH5YR69
2023-04-07;10.02;IE00BMH5YR69
2023-04-08;10.02;IE00BMH5YR69
2023-04-09;10.02;IE00BMH5YR69
2023-04-10;10.07;IE00BMH5YR69
2023-04-11;10.18;IE00BMH5YR69
2023-04-12;10.07;IE00BMH5YR69
2023-04-13;10.10;IE00BMH5YR69
2023-04-14;10.08;IE00BMH5YR69
2023-04-15;10.08;IE00BMH5YR69
2023-04-16;10.08;IE00BMH5YR69
2023-04-17;10.21;IE00BMH5YR69
2023-04-18;10.24;IE00BMH5YR69
2023-04-19;10.18;IE00BMH5YR69
2023-04-20;9.94;IE00BMH5YR69
2023-04-21;9.80;IE00BMH5YR69
2023-04-22;9.80;IE00BMH5YR69
2023-04-23;9.80;IE00BMH5YR69
2023-04-24;9.83;IE00BMH5YR69
2023-04-25;9.59;IE00BMH5YR69
2023-04-26;9.58;IE00BMH5YR69
2023-04-27;9.68;IE00BMH5YR69
2023-04-28;9.83;IE00BMH5YR69
2023-04-29;9.83;IE00BMH5YR69
2023-04-30;9.83;IE00BMH5YR69
2023-05-01;9.80;IE00BMH5YR69
2023-05-02;9.76;IE00BMH5YR69
2023-05-03;9.68;IE00BMH5YR69
2023-05-04;9.59;IE00BMH5YR69
2023-05-05;9.90;IE00BMH5YR69
2023-05-06;9.90;IE00BMH5YR69
2023-05-07;9.90;IE00BMH5YR69
2023-05-08;9.96;IE00BMH5YR69
2023-05-09;9.96;IE00BMH5YR69
2023-05-10;10.05;IE00BMH5YR69
2023-05-11;10.04;IE00BMH5YR69
2023-05-12;10.02;IE00BMH5YR69
2023-05-13;10.02;IE00BMH5YR69
2023-05-14;10.02;IE00BMH5YR69
2023-05-15;10.12;IE00BMH5YR69
2023-05-16;10.07;IE00BMH5YR69
2023-05-17;10.30;IE00BMH5YR69
2023-05-18;10.45;IE00BMH5YR69
2023-05-19;10.44;IE00BMH5YR69
2023-05-20;10.44;IE00BMH5YR69
2023-05-21;10.44;IE00BMH5YR69
2023-05-22;10.57;IE00BMH5YR69
2023-05-23;10.47;IE00BMH5YR69
2023-05-24;10.27;IE00BMH5YR69
2023-05-25;10.40;IE00BMH5YR69
2023-05-26;10.61;IE00BMH5YR69
2023-05-27;10.61;IE00BMH5YR69
2023-05-28;10.61;IE00BMH5YR69
2023-05-29;10.70;IE00BMH5YR69
2023-05-30;10.70;IE00BMH5YR69
2023-05-31;10.59;IE00BMH5YR69
2023-06-01;10.74;IE00BMH5YR69
2023-06-02;10.92;IE00BMH5YR69
2023-06-03;10.92;IE00BMH5YR69
2023-06-04;10.92;IE00BMH5YR69
2023-06-05;10.97;IE00BMH5YR69
2023-06-06;11.20;IE00BMH5YR69
2023-06-07;11.21;IE00BMH5YR69
2023-06-08;11.25;IE00BMH5YR69
2023-06-09;11.22;IE00BMH5YR69
2023-06-10;11.22;IE00BMH5YR69
2023-06-11;11.22;IE00BMH5YR69
2023-06-12;11.39;IE00BMH5YR69
2023-06-13;11.66;IE00BMH5YR69
2023-06-14;11.70;IE00BMH5YR69
2023-06-15;11.77;IE00BMH5YR69
2023-06-16;11.54;IE00BMH5YR69
2023-06-17;11.54;IE00BMH5YR69
2023-06-18;11.54;IE00BMH5YR69
2023-06-19;11.55;IE00BMH5YR69
2023-06-20;11.45;IE00BMH5YR69
2023-06-21;11.31;IE00BMH5YR69
2023-06-22;11.23;IE00BMH5YR69
2023-06-23;11.12;IE00BMH5YR69
2023-06-24;11.12;IE00BMH5YR69
2023-06-25;11.12;IE00BMH5YR69
2023-06-26;11.02;IE00BMH5YR69
2023-06-27;11.20;IE00BMH5YR69
2023-06-28;11.25;IE00BMH5YR69
2023-06-29;11.35;IE00BMH5YR69
2023-06-30;11.62;IE00BMH5YR69
2023-07-01;11.62;IE00BMH5YR69
2023-07-02;11.62;IE00BMH5YR69
2023-07-03;11.74;IE00BMH5YR69
2023-07-04;11.78;IE00BMH5YR69
2023-07-05;11.70;IE00BMH5YR69
2023-07-06;11.50;IE00BMH5YR69
2023-07-07;11.63;IE00BMH5YR69
2023-07-08;11.63;IE00BMH5YR69
2023-07-09;11.63;IE00BMH5YR69
2023-07-10;11.65;IE00BMH5YR69
2023-07-11;11.71;IE00BMH5YR69
2023-07-12;11.86;IE00BMH5YR69
2023-07-13;11.85;IE00BMH5YR69
2023-07-14;11.69;IE00BMH5YR69
2023-07-15;11.69;IE00BMH5YR69
2023-07-16;11.69;IE00BMH5YR69
2023-07-17;11.76;IE00BMH5YR69
2023-07-18;11.83;IE00BMH5YR69
2023-07-19;11.86;IE00BMH5YR69
2023-07-20;11.63;IE00BMH5YR69
2023-07-21;11.62;IE00BMH5YR69
2023-07-22;11.62;IE00BMH5YR69
2023-07-23;11.62;IE00BMH5YR69
2023-07-24;11.69;IE00BMH5YR69
2023-07-25;11.80;IE00BMH5YR69
2023-07-26;11.86;IE00BMH5YR69
2023-07-27;11.76;IE00BMH5YR69
2023-07-28;12.13;IE00BMH5YR69
2023-07-29;12.13;IE00BMH5YR69
2023-07-30;12.13;IE00BMH5YR69
2023-07-31;12.23;IE00BMH5YR69
2023-08-01;12.24;IE00BMH5YR69
2023-08-02;11.89;IE00BMH5YR69
2023-08-03;11.89;IE00BMH5YR69
2023-08-04;11.74;IE00BMH5YR69
2023-08-05;11.74;IE00BMH5YR69
2023-08-06;11.74;IE00BMH5YR69
2023-08-07;11.66;IE00BMH5YR69
2023-08-08;11.56;IE00BMH5YR69
2023-08-09;11.34;IE00BMH5YR69
2023-08-10;11.18;IE00BMH5YR69
2023-08-11;11.04;IE00BMH5YR69
2023-08-12;11.04;IE00BMH5YR69
2023-08-13;11.04;IE00BMH5YR69
2023-08-14;11.08;IE00BMH5YR69
2023-08-15;10.93;IE00BMH5YR69
2023-08-16;10.74;IE00BMH5YR69
2023-08-17;10.66;IE00BMH5YR69
2023-08-18;10.66;IE00BMH5YR69
2023-08-19;10.66;IE00BMH5YR69
2023-08-20;10.66;IE00BMH5YR69
2023-08-21;10.70;IE00BMH5YR69
2023-08-22;10.74;IE00BMH5YR69
2023-08-23;10.94;IE00BMH5YR69
2023-08-24;10.71;IE00BMH5YR69
2023-08-25;10.80;IE00BMH5YR69
2023-08-26;10.80;IE00BMH5YR69
2023-08-27;10.80;IE00BMH5YR69
2023-08-28;10.91;IE00BMH5YR69
2023-08-29;11.18;IE00BMH5YR69
2023-08-30;11.12;IE00BMH5YR69
2023-08-31;11.14;IE00BMH5YR69
2023-09-01;11.21;IE00BMH5YR69
2023-09-02;11.21;IE00BMH5YR69
2023-09-03;11.21;IE00BMH5YR69
2023-09-04;11.33;IE00BMH5YR69
2023-09-05;11.33;IE00BMH5YR69
2023-09-06;11.22;IE00BMH5YR69
2023-09-07;11.05;IE00BMH5YR69
2023-09-08;10.97;IE00BMH5YR69
2023-09-09;10.97;IE00BMH5YR69
2023-09-10;10.97;IE00BMH5YR69
2023-09-11;11.08;IE00BMH5YR69
2023-09-12;11.11;IE00BMH5YR69
2023-09-13;11.04;IE00BMH5YR69
2023-09-14;11.18;IE00BMH5YR69
2023-09-15;11.22;IE00BMH5YR69
2023-09-16;11.22;IE00BMH5YR69
2023-09-17;11.22;IE00BMH5YR69
2023-09-18;11.14;IE00BMH5YR69
2023-09-19;11.02;IE00BMH5YR69
2023-09-20;10.89;IE00BMH5YR69
2023-09-21;10.72;IE00BMH5YR69
2023-09-22;10.73;IE00BMH5YR69
2023-09-23;10.73;IE00BMH5YR69
2023-09-24;10.73;IE00BMH5YR69
2023-09-25;10.73;IE00BMH5YR69
2023-09-26;10.59;IE00BMH5YR69
2023-09-27;10.69;IE00BMH5YR69
2023-09-28;10.85;IE00BMH5YR69
2023-09-29;10.80;IE00BMH5YR69
2023-09-30;10.80;IE00BMH5YR69
2023-10-01;10.80;IE00BMH5YR69
2023-10-02;10.75;IE00BMH5YR69
2023-10-03;10.57;IE00BMH5YR69
2023-10-04;10.56;IE00BMH5YR69
2023-10-05;10.48;IE00BMH5YR69
2023-10-06;10.58;IE00BMH5YR69
2023-10-07;10.58;IE00BMH5YR69
2023-10-08;10.58;IE00BMH5YR69
2023-10-09;10.56;IE00BMH5YR69
2023-10-10;10.74;IE00BMH5YR69
2023-10-11;10.77;IE00BMH5YR69
2023-10-12;10.68;IE00BMH5YR69
2023-10-13;10.55;IE00BMH5YR69
2023-10-14;10.55;IE00BMH5YR69
2023-10-15;10.55;IE00BMH5YR69
2023-10-16;10.64;IE00BMH5YR69
2023-10-17;10.63;IE00BMH5YR69
2023-10-18;10.33;IE00BMH5YR69
2023-10-19;10.09;IE00BMH5YR69
2023-10-20;9.90;IE00BMH5YR69
2023-10-21;9.90;IE00BMH5YR69
2023-10-22;9.90;IE00BMH5YR69
2023-10-23;9.82;IE00BMH5YR69
2023-10-24;9.90;IE00BMH5YR69
2023-10-25;9.76;IE00BMH5YR69
2023-10-26;9.69;IE00BMH5YR69
2023-10-27;9.67;IE00BMH5YR69
2023-10-28;9.67;IE00BMH5YR69
2023-10-29;9.67;IE00BMH5YR69
2023-10-30;9.52;IE00BMH5YR69
2023-10-31;9.51;IE00BMH5YR69
2023-11-01;9.67;IE00BMH5YR69
2023-11-02;9.85;IE00BMH5YR69
2023-11-03;10.05;IE00BMH5YR69
2023-11-04;10.05;IE00BMH5YR69
2023-11-05;10.05;IE00BMH5YR69
2023-11-06;10.03;IE00BMH5YR69
2023-11-07;10.04;IE00BMH5YR69
2023-11-08;10.01;IE00BMH5YR69
2023-11-09;9.91;IE00BMH5YR69
2023-11-10;9.94;IE00BMH5YR69
2023-11-11;9.94;IE00BMH5YR69
2023-11-12;9.94;IE00BMH5YR69
2023-11-13;9.95;IE00BMH5YR69
2023-11-14;10.30;IE00BMH5YR69
2023-11-15;10.34;IE00BMH5YR69
2023-11-16;10.27;IE00BMH5YR69
2023-11-17;10.35;IE00BMH5YR69
2023-11-18;10.35;IE00BMH5YR69
2023-11-19;10.35;IE00BMH5YR69
2023-11-20;10.39;IE00BMH5YR69
2023-11-21;10.20;IE00BMH5YR69
2023-11-22;10.22;IE00BMH5YR69
2023-11-23;10.27;IE00BMH5YR69
2023-11-24;10.29;IE00BMH5YR69
2023-11-25;10.29;IE00BMH5YR69
2023-11-26;10.29;IE00BMH5YR69
2023-11-27;10.19;IE00BMH5YR69
2023-11-28;10.23;IE00BMH5YR69
2023-11-29;10.29;IE00BMH5YR69
2023-11-30;10.29;IE00BMH5YR69
2023-12-01;10.44;IE00BMH5YR69
2023-12-02;10.44;IE00BMH5YR69
2023-12-03;10.44;IE00BMH5YR69
2023-12-04;10.36;IE00BMH5YR69
2023-12-05;10.32;IE00BMH5YR69
2023-12-06;10.45;IE00BMH5YR69
2023-12-07;10.52;IE00BMH5YR69
2023-12-08;10.54;IE00BMH5YR69
2023-12-09;10.54;IE00BMH5YR69
2023-12-10;10.54;IE00BMH5YR69
2023-12-11;10.60;IE00BMH5YR69
2023-12-12;10.51;IE00BMH5YR69
2023-12-13;10.67;IE00BMH5YR69
2023-12-14;10.92;IE00BMH5YR69
2023-12-15;10.92;IE00BMH5YR69
2023-12-16;10.92;IE00BMH5YR69
2023-12-17;10.92;IE00BMH5YR69
2023-12-18;10.86;IE00BMH5YR69
2023-12-19;10.96;IE00BMH5YR69
2023-12-20;10.80;IE00BMH5YR69
2023-12-21;10.90;IE00BMH5YR69
2023-12-22;10.88;IE00BMH5YR69
2023-12-23;10.88;IE00BMH5YR69
2023-12-24;10.88;IE00BMH5YR69
2023-12-25;10.88;IE00BMH5YR69
2023-12-26;11.00;IE00BMH5YR69
2023-12-27;11.02;IE00BMH5YR69
2023-12-28;11.00;IE00BMH5YR69
2023-12-29;10.97;IE00BMH5YR69
2023-12-30;10.97;IE00BMH5YR69
2023-12-31;10.97;IE00BMH5YR69
2024-01-01;10.97;IE00BMH5YR69
2024-01-02;10.86;IE00BMH5YR69
2024-01-03;10.62;IE00BMH5YR69
2024-01-04;10.55;IE00BMH5YR69
2024-01-05;10.59;IE00BMH5YR69
2024-01-06;10.59;IE00BMH5YR69
2024-01-07;10.59;IE00BMH5YR69
2024-01-08;10.70;IE00BMH5YR69
2024-01-09;10.62;IE00BMH5YR69
2024-01-10;10.56;IE00BMH5YR69
2024-01-11;10.49;IE00BMH5YR69
2024-01-12;10.43;IE00BMH5YR69
2024-01-13;10.43;IE00BMH5YR69
2024-01-14;10.43;IE00BMH5YR69
2024-01-15;10.40;IE00BMH5YR69
2024-01-16;10.34;IE00BMH5YR69
2024-01-17;10.14;IE00BMH5YR69
2024-01-18;10.23;IE00BMH5YR69
2024-01-19;10.30;IE00BMH5YR69
2024-01-20;10.30;IE00BMH5YR69
2024-01-21;10.30;IE00BMH5YR69
2024-01-22;10.38;IE00BMH5YR69
2024-01-23;10.49;IE00BMH5YR69
2024-01-24;10.44;IE00BMH5YR69
2024-01-25;10.44;IE00BMH5YR69
2024-01-26;10.35;IE00BMH5YR69
2024-01-27;10.35;IE00BMH5YR69
2024-01-28;10.35;IE00BMH5YR69
2024-01-29;10.55;IE00BMH5YR69
2024-01-30;10.45;IE00BMH5YR69
2024-01-31;10.35;IE00BMH5YR69
2024-02-01;10.41;IE00BMH5YR69
2024-02-02;10.37;IE00BMH5YR69
2024-02-03;10.37;IE00BMH5YR69
2024-02-04;10.37;IE00BMH5YR69
2024-02-05;10.40;IE00BMH5YR69
2024-02-06;10.59;IE00BMH5YR69
2024-02-07;10.64;IE00BMH5YR69
2024-02-08;10.76;IE00BMH5YR69
2024-02-09;10.85;IE00BMH5YR69
2024-02-10;10.85;IE00BMH5YR69
2024-02-11;10.85;IE00BMH5YR69
2024-02-12;10.94;IE00BMH5YR69
2024-02-13;10.65;IE00BMH5YR69
2024-02-14;10.84;IE00BMH5YR69
2024-02-15;10.91;IE00BMH5YR69
2024-02-16;10.87;IE00BMH5YR69
2024-02-17;10.87;IE00BMH5YR69
2024-02-18;10.87;IE00BMH5YR69
2024-02-19;10.82;IE00BMH5YR69
2024-02-20;10.66;IE00BMH5YR69
2024-02-21;10.67;IE00BMH5YR69
2024-02-22;10.73;IE00BMH5YR69
2024-02-23;10.67;IE00BMH5YR69
2024-02-24;10.67;IE00BMH5YR69
2024-02-25;10.67;IE00BMH5YR69
2024-02-26;10.69;IE00BMH5YR69
2024-02-27;10.81;IE00BMH5YR69
2024-02-28;10.81;IE00BMH5YR69
2024-02-29;10.96;IE00BMH5YR69
2024-03-01;11.13;IE00BMH5YR69
2024-03-02;11.13;IE00BMH5YR69
2024-03-03;11.13;IE00BMH5YR69
2024-03-04;11.02;IE00BMH5YR69
2024-03-05;10.79;IE00BMH5YR69
2024-03-06;10.93;IE00BMH5YR69
2024-03-07;11.03;IE00BMH5YR69
2024-03-08;10.92;IE00BMH5YR69
2024-03-09;10.92;IE00BMH5YR69
2024-03-10;10.92;IE00BMH5YR69
2024-03-11;10.90;IE00BMH5YR69
2024-03-12;11.01;IE00BMH5YR69
2024-03-13;10.91;IE00BMH5YR69
2024-03-14;10.76;IE00BMH5YR69
2024-03-15;10.73;IE00BMH5YR69
2024-03-16;10.73;IE00BMH5YR69
2024-03-17;10.73;IE00BMH5YR69
2024-03-18;10.80;IE00BMH5YR69
2024-03-19;10.83;IE00BMH5YR69
2024-03-20;10.97;IE00BMH5YR69
2024-03-21;11.03;IE00BMH5YR69
2024-03-22;11.06;IE00BMH5YR69
2024-03-23;11.06;IE00BMH5YR69
2024-03-24;11.06;IE00BMH5YR69
2024-03-25;11.00;IE00BMH5YR69
2024-03-26;10.94;IE00BMH5YR69
2024-03-27;11.17;IE00BMH5YR69
2024-03-28;11.22;IE00BMH5YR69
2024-03-29;11.24;IE00BMH5YR69
2024-03-30;11.24;IE00BMH5YR69
2024-03-31;11.24;IE00BMH5YR69
2024-04-01;11.22;IE00BMH5YR69
2024-04-02;11.13;IE00BMH5YR69
2024-04-03;11.08;IE00BMH5YR69
2024-04-04;10.97;IE00BMH5YR69
2024-04-05;10.96;IE00BMH5YR69
2024-04-06;10.96;IE00BMH5YR69
2024-04-07;10.96;IE00BMH5YR69
2024-04-08;11.08;IE00BMH5YR69
2024-04-09;11.19;IE00BMH5YR69
2024-04-10;11.01;IE00BMH5YR69
2024-04-11;11.18;IE00BMH5YR69
2024-04-12;10.99;IE00BMH5YR69
2024-04-13;10.99;IE00BMH5YR69
2024-04-14;10.99;IE00BMH5YR69
2024-04-15;10.82;IE00BMH5YR69
2024-04-16;10.67;IE00BMH5YR69
2024-04-17;10.55;IE00BMH5YR69
2024-04-18;10.44;IE00BMH5YR69
2024-04-19;10.27;IE00BMH5YR69
2024-04-20;10.27;IE00BMH5YR69
2024-04-21;10.27;IE00BMH5YR69
2024-04-22;10.36;IE00BMH5YR69
2024-04-23;10.44;IE00BMH5YR69
2024-04-24;10.54;IE00BMH5YR69
2024-04-25;10.47;IE00BMH5YR69
2024-04-26;10.63;IE00BMH5YR69
2024-04-27;10.63;IE00BMH5YR69
2024-04-28;10.63;IE00BMH5YR69
2024-04-29;10.80;IE00BMH5YR69
2024-04-30;10.67;IE00BMH5YR69
2024-05-01;10.64;IE00BMH5YR69
2024-05-02;10.87;IE00BMH5YR69
2024-05-03;10.97;IE00BMH5YR69
2024-05-04;10.97;IE00BMH5YR69
2024-05-05;10.97;IE00BMH5YR69
2024-05-06;11.05;IE00BMH5YR69
2024-05-07;11.03;IE00BMH5YR69
2024-05-08;11.00;IE00BMH5YR69
2024-05-09;11.09;IE00BMH5YR69
2024-05-10;10.95;IE00BMH5YR69
2024-05-11;10.95;IE00BMH5YR69
2024-05-12;10.95;IE00BMH5YR69
2024-05-13;11.03;IE00BMH5YR69
2024-05-14;11.24;IE00BMH5YR69
2024-05-15;11.22;IE00BMH5YR69
2024-05-16;11.16;IE00BMH5YR69
2024-05-17;11.18;IE00BMH5YR69
2024-05-18;11.18;IE00BMH5YR69
2024-05-19;11.18;IE00BMH5YR69
2024-05-20;11.21;IE00BMH5YR69
2024-05-21;11.17;IE00BMH5YR69
2024-05-22;11.20;IE00BMH5YR69
2024-05-23;11.06;IE00BMH5YR69
2024-05-24;11.20;IE00BMH5YR69
2024-05-25;11.20;IE00BMH5YR69
2024-05-26;11.20;IE00BMH5YR69
2024-05-27;11.27;IE00BMH5YR69
2024-05-28;11.26;IE00BMH5YR69
2024-05-29;11.10;IE00BMH5YR69
2024-05-30;11.16;IE00BMH5YR69
2024-05-31;11.15;IE00BMH5YR69
2024-06-01;11.15;IE00BMH5YR69
2024-06-02;11.15;IE00BMH5YR69
2024-06-03;11.25;IE00BMH5YR69
2024-06-04;11.11;IE00BMH5YR69
2024-06-05;11.20;IE00BMH5YR69
2024-06-06;11.17;IE00BMH5YR69
2024-06-07;11.05;IE00BMH5YR69
2024-06-08;11.05;IE00BMH5YR69
2024-06-09;11.05;IE00BMH5YR69
2024-06-10;11.24;IE00BMH5YR69
2024-06-11;11.20;IE00BMH5YR69
2024-06-12;11.31;IE00BMH5YR69
2024-06-13;11.16;IE00BMH5YR69
2024-06-14;11.07;IE00BMH5YR69
2024-06-15;11.07;IE00BMH5YR69
2024-06-16;11.07;IE00BMH5YR69
2024-06-17;11.06;IE00BMH5YR69
2024-06-18;11.08;IE00BMH5YR69
2024-06-19;11.08;IE00BMH5YR69
2024-06-20;10.97;IE00BMH5YR69
2024-06-21;10.91;IE00BMH5YR69
2024-06-22;10.91;IE00BMH5YR69
2024-06-23;10.91;IE00BMH5YR69
2024-06-24;10.81;IE00BMH5YR69
2024-06-25;10.86;IE00BMH5YR69
2024-06-26;10.93;IE00BMH5YR69
2024-06-27;10.90;IE00BMH5YR69
2024-06-28;10.85;IE00BMH5YR69
2024-06-29;10.85;IE00BMH5YR69
2024-06-30;10.85;IE00BMH5YR69
2024-07-01;10.82;IE00BMH5YR69
2024-07-02;10.88;IE00BMH5YR69
2024-07-03;11.06;IE00BMH5YR69
2024-07-04;11.03;IE00BMH5YR69
2024-07-05;11.06;IE00BMH5YR69
2024-07-06;11.06;IE00BMH5YR69
2024-07-07;11.06;IE00BMH5YR69
2024-07-08;11.09;IE00BMH5YR69
2024-07-09;11.09;IE00BMH5YR69
2024-07-10;11.22;IE00BMH5YR69
2024-07-11;11.26;IE00BMH5YR69
2024-07-12;11.40;IE00BMH5YR69
2024-07-13;11.40;IE00BMH5YR69
2024-07-14;11.40;IE00BMH5YR69
2024-07-15;11.38;IE00BMH5YR69
2024-07-16;11.51;IE00BMH5YR69
2024-07-17;11.24;IE00BMH5YR69
2024-07-18;11.09;IE00BMH5YR69
2024-07-19;10.90;IE00BMH5YR69
2024-07-20;10.90;IE00BMH5YR69
2024-07-21;10.90;IE00BMH5YR69
2024-07-22;11.06;IE00BMH5YR69
2024-07-23;11.01;IE00BMH5YR69
2024-07-24;10.68;IE00BMH5YR69
2024-07-25;10.47;IE00BMH5YR69
2024-07-26;10.53;IE00BMH5YR69
2024-07-27;10.53;IE00BMH5YR69
2024-07-28;10.53;IE00BMH5YR69
2024-07-29;10.57;IE00BMH5YR69
2024-07-30;10.38;IE00BMH5YR69
2024-07-31;10.67;IE00BMH5YR69
2024-08-01;10.34;IE00BMH5YR69
2024-08-02;9.85;IE00BMH5YR69
2024-08-03;9.85;IE00BMH5YR69
2024-08-04;9.85;IE00BMH5YR69
2024-08-05;9.27;IE00BMH5YR69
2024-08-06;9.49;IE00BMH5YR69
2024-08-07;9.37;IE00BMH5YR69
2024-08-08;9.54;IE00BMH5YR69
2024-08-09;9.59;IE00BMH5YR69
2024-08-10;9.59;IE00BMH5YR69
2024-08-11;9.59;IE00BMH5YR69
2024-08-12;9.49;IE00BMH5YR69
2024-08-13;9.69;IE00BMH5YR69
2024-08-14;9.57;IE00BMH5YR69
2024-08-15;9.77;IE00BMH5YR69
2024-08-16;9.91;IE00BMH5YR69
2024-08-17;9.91;IE00BMH5YR69
2024-08-18;9.91;IE00BMH5YR69
2024-08-19;9.98;IE00BMH5YR69
2024-08-20;9.92;IE00BMH5YR69
2024-08-21;10.04;IE00BMH5YR69
2024-08-22;9.86;IE00BMH5YR69
2024-08-23;10.09;IE00BMH5YR69
2024-08-24;10.09;IE00BMH5YR69
2024-08-25;10.09;IE00BMH5YR69
2024-08-26;10.05;IE00BMH5YR69
2024-08-27;10.03;IE00BMH5YR69
2024-08-28;9.95;IE00BMH5YR69
2024-08-29;10.05;IE00BMH5YR69
2024-08-30;10.14;IE00BMH5YR69
2024-08-31;10.14;IE00BMH5YR69
2024-09-01;10.14;IE00BMH5YR69
2024-09-02;10.10;IE00BMH5YR69
2024-09-03;9.81;IE00BMH5YR69
2024-09-04;9.71;IE00BMH5YR69
2024-09-05;9.68;IE00BMH5YR69
2024-09-06;9.41;IE00BMH5YR69
2024-09-07;9.41;IE00BMH5YR69
2024-09-08;9.41;IE00BMH5YR69
2024-09-09;9.49;IE00BMH5YR69
2024-09-10;9.43;IE00BMH5YR69
2024-09-11;9.63;IE00BMH5YR69
2024-09-12;9.72;IE00BMH5YR69
2024-09-13;9.79;IE00BMH5YR69
2024-09-14;9.79;IE00BMH5YR69
2024-09-15;9.79;IE00BMH5YR69
2024-09-16;9.72;IE00BMH5YR69
2024-09-17;9.78;IE00BMH5YR69
2024-09-18;9.75;IE00BMH5YR69
2024-09-19;10.00;IE00BMH5YR69
2024-09-20;9.88;IE00BMH5YR69
2024-09-21;9.88;IE00BMH5YR69
2024-09-22;9.88;IE00BMH5YR69
2024-09-23;9.96;IE00BMH5YR69
2024-09-24;10.15;IE00BMH5YR69
2024-09-25;10.03;IE00BMH5YR69
2024-09-26;10.36;IE00BMH5YR69
2024-09-27;10.58;IE00BMH5YR69
2024-09-28;10.58;IE00BMH5YR69
2024-09-29;10.58;IE00BMH5YR69
2024-09-30;10.39;IE00BMH5YR69
2024-10-01;10.37;IE00BMH5YR69
2024-10-02;10.41;IE00BMH5YR69
2024-10-03;10.27;IE00BMH5YR69
2024-10-04;10.41;IE00BMH5YR69
2024-10-05;10.41;IE00BMH5YR69
2024-10-06;10.41;IE00BMH5YR69
2024-10-07;10.59;IE00BMH5YR69
2024-10-08;10.42;IE00BMH5YR69
2024-10-09;10.51;IE00BMH5YR69
2024-10-10;10.54;IE00BMH5YR69
2024-10-11;10.58;IE00BMH5YR69
2024-10-12;10.58;IE00BMH5YR69
2024-10-13;10.58;IE00BMH5YR69
2024-10-14;10.55;IE00BMH5YR69
2024-10-15;10.38;IE00BMH5YR69
2024-10-16;10.40;IE00BMH5YR69
2024-10-17;10.33;IE00BMH5YR69
2024-10-18;10.43;IE00BMH5YR69
2024-10-19;10.43;IE00BMH5YR69
2024-10-20;10.43;IE00BMH5YR69
2024-10-21;10.37;IE00BMH5YR69
2024-10-22;10.44;IE00BMH5YR69
2024-10-23;10.41;IE00BMH5YR69
2024-10-24;10.44;IE00BMH5YR69
2024-10-25;10.53;IE00BMH5YR69
2024-10-26;10.53;IE00BMH5YR69
2024-10-27;10.53;IE00BMH5YR69
2024-10-28;10.72;IE00BMH5YR69
2024-10-29;10.70;IE00BMH5YR69
2024-10-30;10.52;IE00BMH5YR69
2024-10-31;10.20;IE00BMH5YR69
2024-11-01;10.26;IE00BMH5YR69
2024-11-02;10.26;IE00BMH5YR69
2024-11-03;10.26;IE00BMH5YR69
2024-11-04;10.29;IE00BMH5YR69
2024-11-05;10.38;IE00BMH5YR69
2024-11-06;10.65;IE00BMH5YR69
2024-11-07;10.84;IE00BMH5YR69
2024-11-08;10.88;IE00BMH5YR69
2024-11-09;10.88;IE00BMH5YR69
2024-11-10;10.88;IE00BMH5YR69
2024-11-11;11.12;IE00BMH5YR69
2024-11-12;11.00;IE00BMH5YR69
2024-11-13;10.91;IE00BMH5YR69
2024-11-14;10.88;IE00BMH5YR69
2024-11-15;10.79;IE00BMH5YR69
2024-11-16;10.79;IE00BMH5YR69
2024-11-17;10.79;IE00BMH5YR69
2024-11-18;10.94;IE00BMH5YR69
2024-11-19;10.99;IE00BMH5YR69
2024-11-20;10.92;IE00BMH5YR69
2024-11-21;10.97;IE00BMH5YR69
2024-11-22;11.16;IE00BMH5YR69
2024-11-23;11.16;IE00BMH5YR69
2024-11-24;11.16;IE00BMH5YR69
2024-11-25;11.21;IE00BMH5YR69
2024-11-26;11.01;IE00BMH5YR69
2024-11-27;10.98;IE00BMH5YR69
2024-11-28;10.99;IE00BMH5YR69
2024-11-29;11.05;IE00BMH5YR69
2024-11-30;11.05;IE00BMH5YR69
2024-12-01;11.05;IE00BMH5YR69
2024-12-02;11.22;IE00BMH5YR69
2024-12-03;11.17;IE00BMH5YR69
2024-12-04;11.18;IE00BMH5YR69
2024-12-05;11.09;IE00BMH5YR69
2024-12-06;11.14;IE00BMH5YR69
2024-12-07;11.14;IE00BMH5YR69
2024-12-08;11.14;IE00BMH5YR69
2024-12-09;11.31;IE00BMH5YR69
2024-12-10;11.24;IE00BMH5YR69
2024-12-11;11.34;IE00BMH5YR69
2024-12-12;11.33;IE00BMH5YR69
2024-12-13;11.23;IE00BMH5YR69
2024-12-14;11.23;IE00BMH5YR69
2024-12-15;11.23;IE00BMH5YR69
2024-12-16;11.27;IE00BMH5YR69
2024-12-17;11.22;IE00BMH5YR69
2024-12-18;10.97;IE00BMH5YR69
2024-12-19;10.93;IE00BMH5YR69
2024-12-20;11.04;IE00BMH5YR69
2024-12-21;11.04;IE00BMH5YR69
2024-12-22;11.04;IE00BMH5YR69
2024-12-23;11.15;IE00BMH5YR69
2024-12-24;11.31;IE00BMH5YR69
2024-12-25;11.08;IE00BMH5YR69
2024-12-26;11.31;IE00BMH5YR69
2024-12-27;11.29;IE00BMH5YR69
2024-12-28;11.29;IE00BMH5YR69
2024-12-29;11.29;IE00BMH5YR69
2024-12-30;11.11;IE00BMH5YR69
2024-12-31;11.11;IE00BMH5YR69
2025-01-01;11.18;IE00BMH5YR69
2025-01-02;11.17;IE00BMH5YR69
2025-01-03;11.38;IE00BMH5YR69
2025-01-04;11.38;IE00BMH5YR69
2025-01-05;11.38;IE00BMH5YR69
2025-01-06;11.46;IE00BMH5YR69
2025-01-07;11.41;IE00BMH5YR69
2025-01-08;11.37;IE00BMH5YR69
2025-01-09;11.24;IE00BMH5YR69
2025-01-10;11.12;IE00BMH5YR69
2025-01-11;11.12;IE00BMH5YR69
2025-01-12;11.12;IE00BMH5YR69
2025-01-13;11.21;IE00BMH5YR69
2025-01-14;11.22;IE00BMH5YR69
2025-01-15;11.39;IE00BMH5YR69
2025-01-16;11.42;IE00BMH5YR69
2025-01-17;11.50;IE00BMH5YR69
2025-01-18;11.50;IE00BMH5YR69
2025-01-19;11.50;IE00BMH5YR69
2025-01-20;11.58;IE00BMH5YR69
2025-01-21;11.61;IE00BMH5YR69
2025-01-22;11.46;IE00BMH5YR69
2025-01-23;11.48;IE00BMH5YR69
2025-01-24;11.46;IE00BMH5YR69
2022-02-08;13.02;IE000JNHCBM6
2022-02-09;13.23;IE000JNHCBM6
2022-02-10;13.12;IE000JNHCBM6
2022-02-11;12.77;IE000JNHCBM6
2022-02-12;12.77;IE000JNHCBM6
2022-02-13;12.77;IE000JNHCBM6
2022-02-14;12.73;IE000JNHCBM6
2022-02-15;13.20;IE000JNHCBM6
2022-02-16;13.19;IE000JNHCBM6
2022-02-17;13.32;IE000JNHCBM6
2022-02-18;13.13;IE000JNHCBM6
2022-02-19;13.13;IE000JNHCBM6
2022-02-20;13.13;IE000JNHCBM6
2022-02-21;13.07;IE000JNHCBM6
2022-02-22;12.88;IE000JNHCBM6
2022-02-23;13.13;IE000JNHCBM6
2022-02-24;13.37;IE000JNHCBM6
2022-02-25;13.73;IE000JNHCBM6
2022-02-26;13.73;IE000JNHCBM6
2022-02-27;13.73;IE000JNHCBM6
2022-02-28;14.14;IE000JNHCBM6
2022-03-01;14.21;IE000JNHCBM6
2022-03-02;14.13;IE000JNHCBM6
2022-03-03;14.14;IE000JNHCBM6
2022-03-04;14.31;IE000JNHCBM6
2022-03-05;14.31;IE000JNHCBM6
2022-03-06;14.31;IE000JNHCBM6
2022-03-07;14.36;IE000JNHCBM6
2022-03-08;14.37;IE000JNHCBM6
2022-03-09;14.24;IE000JNHCBM6
2022-03-10;14.26;IE000JNHCBM6
2022-03-11;14.27;IE000JNHCBM6
2022-03-12;14.27;IE000JNHCBM6
2022-03-13;14.27;IE000JNHCBM6
2022-03-14;13.69;IE000JNHCBM6
2022-03-15;12.96;IE000JNHCBM6
2022-03-16;13.52;IE000JNHCBM6
2022-03-17;13.62;IE000JNHCBM6
2022-03-18;13.66;IE000JNHCBM6
2022-03-19;13.66;IE000JNHCBM6
2022-03-20;13.66;IE000JNHCBM6
2022-03-21;13.44;IE000JNHCBM6
2022-03-22;13.33;IE000JNHCBM6
2022-03-23;13.45;IE000JNHCBM6
2022-03-24;13.29;IE000JNHCBM6
2022-03-25;12.92;IE000JNHCBM6
2022-03-26;12.92;IE000JNHCBM6
2022-03-27;12.92;IE000JNHCBM6
2022-03-28;12.82;IE000JNHCBM6
2022-03-29;12.71;IE000JNHCBM6
2022-03-30;13.07;IE000JNHCBM6
2022-03-31;12.93;IE000JNHCBM6
2022-04-01;13.08;IE000JNHCBM6
2022-04-02;13.08;IE000JNHCBM6
2022-04-03;13.08;IE000JNHCBM6
2022-04-04;13.00;IE000JNHCBM6
2022-04-05;13.23;IE000JNHCBM6
2022-04-06;13.16;IE000JNHCBM6
2022-04-07;12.96;IE000JNHCBM6
2022-04-08;13.27;IE000JNHCBM6
2022-04-09;13.27;IE000JNHCBM6
2022-04-10;13.27;IE000JNHCBM6
2022-04-11;12.98;IE000JNHCBM6
2022-04-12;12.94;IE000JNHCBM6
2022-04-13;12.85;IE000JNHCBM6
2022-04-14;12.70;IE000JNHCBM6
2022-04-15;12.83;IE000JNHCBM6
2022-04-16;12.83;IE000JNHCBM6
2022-04-17;12.83;IE000JNHCBM6
2022-04-18;12.70;IE000JNHCBM6
2022-04-19;12.82;IE000JNHCBM6
2022-04-20;12.64;IE000JNHCBM6
2022-04-21;12.20;IE000JNHCBM6
2022-04-22;12.18;IE000JNHCBM6
2022-04-23;12.18;IE000JNHCBM6
2022-04-24;12.18;IE000JNHCBM6
2022-04-25;11.66;IE000JNHCBM6
2022-04-26;11.41;IE000JNHCBM6
2022-04-27;11.69;IE000JNHCBM6
2022-04-28;11.66;IE000JNHCBM6
2022-04-29;11.88;IE000JNHCBM6
2022-04-30;11.88;IE000JNHCBM6
2022-05-01;11.88;IE000JNHCBM6
2022-05-02;11.68;IE000JNHCBM6
2022-05-03;11.71;IE000JNHCBM6
2022-05-04;11.77;IE000JNHCBM6
2022-05-05;11.64;IE000JNHCBM6
2022-05-06;11.34;IE000JNHCBM6
2022-05-07;11.34;IE000JNHCBM6
2022-05-08;11.34;IE000JNHCBM6
2022-05-09;11.01;IE000JNHCBM6
2022-05-10;11.14;IE000JNHCBM6
2022-05-11;11.28;IE000JNHCBM6
2022-05-12;11.22;IE000JNHCBM6
2022-05-13;11.43;IE000JNHCBM6
2022-05-14;11.43;IE000JNHCBM6
2022-05-15;11.43;IE000JNHCBM6
2022-05-16;11.36;IE000JNHCBM6
2022-05-17;11.50;IE000JNHCBM6
2022-05-18;11.68;IE000JNHCBM6
2022-05-19;12.10;IE000JNHCBM6
2022-05-20;12.22;IE000JNHCBM6
2022-05-21;12.22;IE000JNHCBM6
2022-05-22;12.22;IE000JNHCBM6
2022-05-23;12.41;IE000JNHCBM6
2022-05-24;12.24;IE000JNHCBM6
2022-05-25;12.33;IE000JNHCBM6
2022-05-26;12.41;IE000JNHCBM6
2022-05-27;12.37;IE000JNHCBM6
2022-05-28;12.37;IE000JNHCBM6
2022-05-29;12.37;IE000JNHCBM6
2022-05-30;12.50;IE000JNHCBM6
2022-05-31;12.61;IE000JNHCBM6
2022-06-01;12.46;IE000JNHCBM6
2022-06-02;12.74;IE000JNHCBM6
2022-06-03;12.73;IE000JNHCBM6
2022-06-04;12.73;IE000JNHCBM6
2022-06-05;12.73;IE000JNHCBM6
2022-06-06;12.86;IE000JNHCBM6
2022-06-07;12.96;IE000JNHCBM6
2022-06-08;12.85;IE000JNHCBM6
2022-06-09;12.58;IE000JNHCBM6
2022-06-10;12.63;IE000JNHCBM6
2022-06-11;12.63;IE000JNHCBM6
2022-06-12;12.63;IE000JNHCBM6
2022-06-13;12.45;IE000JNHCBM6
2022-06-14;12.24;IE000JNHCBM6
2022-06-15;12.25;IE000JNHCBM6
2022-06-16;12.25;IE000JNHCBM6
2022-06-17;12.48;IE000JNHCBM6
2022-06-18;12.48;IE000JNHCBM6
2022-06-19;12.48;IE000JNHCBM6
2022-06-20;12.88;IE000JNHCBM6
2022-06-21;12.93;IE000JNHCBM6
2022-06-22;12.85;IE000JNHCBM6
2022-06-23;12.88;IE000JNHCBM6
2022-06-24;13.13;IE000JNHCBM6
2022-06-25;13.13;IE000JNHCBM6
2022-06-26;13.13;IE000JNHCBM6
2022-06-27;13.17;IE000JNHCBM6
2022-06-28;13.30;IE000JNHCBM6
2022-06-29;12.99;IE000JNHCBM6
2022-06-30;13.30;IE000JNHCBM6
2022-07-01;13.28;IE000JNHCBM6
2022-07-02;13.28;IE000JNHCBM6
2022-07-03;13.28;IE000JNHCBM6
2022-07-04;13.34;IE000JNHCBM6
2022-07-05;13.41;IE000JNHCBM6
2022-07-06;13.56;IE000JNHCBM6
2022-07-07;13.80;IE000JNHCBM6
2022-07-08;13.67;IE000JNHCBM6
2022-07-09;13.67;IE000JNHCBM6
2022-07-10;13.67;IE000JNHCBM6
2022-07-11;13.66;IE000JNHCBM6
2022-07-12;13.82;IE000JNHCBM6
2022-07-13;14.08;IE000JNHCBM6
2022-07-14;13.96;IE000JNHCBM6
2022-07-15;14.00;IE000JNHCBM6
2022-07-16;14.00;IE000JNHCBM6
2022-07-17;14.00;IE000JNHCBM6
2022-07-18;14.23;IE000JNHCBM6
2022-07-19;13.89;IE000JNHCBM6
2022-07-20;14.18;IE000JNHCBM6
2022-07-21;13.82;IE000JNHCBM6
2022-07-22;13.92;IE000JNHCBM6
2022-07-23;13.92;IE000JNHCBM6
2022-07-24;13.92;IE000JNHCBM6
2022-07-25;13.57;IE000JNHCBM6
2022-07-26;13.67;IE000JNHCBM6
2022-07-27;13.68;IE000JNHCBM6
2022-07-28;14.14;IE000JNHCBM6
2022-07-29;14.27;IE000JNHCBM6
2022-07-30;14.27;IE000JNHCBM6
2022-07-31;14.27;IE000JNHCBM6
2022-08-01;14.21;IE000JNHCBM6
2022-08-02;14.02;IE000JNHCBM6
2022-08-03;13.94;IE000JNHCBM6
2022-08-04;14.09;IE000JNHCBM6
2022-08-05;14.06;IE000JNHCBM6
2022-08-06;14.06;IE000JNHCBM6
2022-08-07;14.06;IE000JNHCBM6
2022-08-08;14.24;IE000JNHCBM6
2022-08-09;14.24;IE000JNHCBM6
2022-08-10;14.44;IE000JNHCBM6
2022-08-11;14.24;IE000JNHCBM6
2022-08-12;14.10;IE000JNHCBM6
2022-08-13;14.10;IE000JNHCBM6
2022-08-14;14.10;IE000JNHCBM6
2022-08-15;14.27;IE000JNHCBM6
2022-08-16;14.52;IE000JNHCBM6
2022-08-17;14.53;IE000JNHCBM6
2022-08-18;14.40;IE000JNHCBM6
2022-08-19;14.41;IE000JNHCBM6
2022-08-20;14.41;IE000JNHCBM6
2022-08-21;14.41;IE000JNHCBM6
2022-08-22;14.15;IE000JNHCBM6
2022-08-23;14.21;IE000JNHCBM6
2022-08-24;14.13;IE000JNHCBM6
2022-08-25;14.09;IE000JNHCBM6
2022-08-26;13.94;IE000JNHCBM6
2022-08-27;13.94;IE000JNHCBM6
2022-08-28;13.94;IE000JNHCBM6
2022-08-29;13.82;IE000JNHCBM6
2022-08-30;13.67;IE000JNHCBM6
2022-08-31;13.54;IE000JNHCBM6
2022-09-01;13.36;IE000JNHCBM6
2022-09-02;13.34;IE000JNHCBM6
2022-09-03;13.34;IE000JNHCBM6
2022-09-04;13.34;IE000JNHCBM6
2022-09-05;13.52;IE000JNHCBM6
2022-09-06;13.33;IE000JNHCBM6
2022-09-07;13.63;IE000JNHCBM6
2022-09-08;13.54;IE000JNHCBM6
2022-09-09;13.55;IE000JNHCBM6
2022-09-10;13.55;IE000JNHCBM6
2022-09-11;13.55;IE000JNHCBM6
2022-09-12;13.49;IE000JNHCBM6
2022-09-13;13.14;IE000JNHCBM6
2022-09-14;13.27;IE000JNHCBM6
2022-09-15;12.88;IE000JNHCBM6
2022-09-16;12.78;IE000JNHCBM6
2022-09-17;12.78;IE000JNHCBM6
2022-09-18;12.78;IE000JNHCBM6
2022-09-19;12.58;IE000JNHCBM6
2022-09-20;12.54;IE000JNHCBM6
2022-09-21;12.63;IE000JNHCBM6
2022-09-22;12.37;IE000JNHCBM6
2022-09-23;12.24;IE000JNHCBM6
2022-09-24;12.24;IE000JNHCBM6
2022-09-25;12.24;IE000JNHCBM6
2022-09-26;12.15;IE000JNHCBM6
2022-09-27;12.27;IE000JNHCBM6
2022-09-28;12.18;IE000JNHCBM6
2022-09-29;11.88;IE000JNHCBM6
2022-09-30;11.80;IE000JNHCBM6
2022-10-01;11.80;IE000JNHCBM6
2022-10-02;11.80;IE000JNHCBM6
2022-10-03;11.99;IE000JNHCBM6
2022-10-04;12.10;IE000JNHCBM6
2022-10-05;11.84;IE000JNHCBM6
2022-10-06;11.84;IE000JNHCBM6
2022-10-07;11.71;IE000JNHCBM6
2022-10-08;11.71;IE000JNHCBM6
2022-10-09;11.71;IE000JNHCBM6
2022-10-10;11.60;IE000JNHCBM6
2022-10-11;11.53;IE000JNHCBM6
2022-10-12;11.71;IE000JNHCBM6
2022-10-13;11.73;IE000JNHCBM6
2022-10-14;11.92;IE000JNHCBM6
2022-10-15;11.92;IE000JNHCBM6
2022-10-16;11.92;IE000JNHCBM6
2022-10-17;12.02;IE000JNHCBM6
2022-10-18;12.11;IE000JNHCBM6
2022-10-19;11.98;IE000JNHCBM6
2022-10-20;11.82;IE000JNHCBM6
2022-10-21;12.01;IE000JNHCBM6
2022-10-22;12.01;IE000JNHCBM6
2022-10-23;12.01;IE000JNHCBM6
2022-10-24;11.85;IE000JNHCBM6
2022-10-25;12.01;IE000JNHCBM6
2022-10-26;11.99;IE000JNHCBM6
2022-10-27;11.85;IE000JNHCBM6
2022-10-28;11.79;IE000JNHCBM6
2022-10-29;11.79;IE000JNHCBM6
2022-10-30;11.79;IE000JNHCBM6
2022-10-31;11.65;IE000JNHCBM6
2022-11-01;11.78;IE000JNHCBM6
2022-11-02;11.85;IE000JNHCBM6
2022-11-03;12.00;IE000JNHCBM6
2022-11-04;12.17;IE000JNHCBM6
2022-11-05;12.17;IE000JNHCBM6
2022-11-06;12.17;IE000JNHCBM6
2022-11-07;12.01;IE000JNHCBM6
2022-11-08;12.20;IE000JNHCBM6
2022-11-09;12.02;IE000JNHCBM6
2022-11-10;12.60;IE000JNHCBM6
2022-11-11;12.34;IE000JNHCBM6
2022-11-12;12.34;IE000JNHCBM6
2022-11-13;12.34;IE000JNHCBM6
2022-11-14;12.14;IE000JNHCBM6
2022-11-15;12.27;IE000JNHCBM6
2022-11-16;12.17;IE000JNHCBM6
2022-11-17;12.09;IE000JNHCBM6
2022-11-18;12.02;IE000JNHCBM6
2022-11-19;12.02;IE000JNHCBM6
2022-11-20;12.02;IE000JNHCBM6
2022-11-21;12.10;IE000JNHCBM6
2022-11-22;12.14;IE000JNHCBM6
2022-11-23;12.29;IE000JNHCBM6
2022-11-24;12.31;IE000JNHCBM6
2022-11-25;12.17;IE000JNHCBM6
2022-11-26;12.17;IE000JNHCBM6
2022-11-27;12.17;IE000JNHCBM6
2022-11-28;11.93;IE000JNHCBM6
2022-11-29;12.00;IE000JNHCBM6
2022-11-30;12.17;IE000JNHCBM6
2022-12-01;12.43;IE000JNHCBM6
2022-12-02;12.27;IE000JNHCBM6
2022-12-03;12.27;IE000JNHCBM6
2022-12-04;12.27;IE000JNHCBM6
2022-12-05;12.35;IE000JNHCBM6
2022-12-06;12.33;IE000JNHCBM6
2022-12-07;12.21;IE000JNHCBM6
2022-12-08;12.26;IE000JNHCBM6
2022-12-09;12.25;IE000JNHCBM6
2022-12-10;12.25;IE000JNHCBM6
2022-12-11;12.25;IE000JNHCBM6
2022-12-12;12.19;IE000JNHCBM6
2022-12-13;12.26;IE000JNHCBM6
2022-12-14;12.16;IE000JNHCBM6
2022-12-15;12.13;IE000JNHCBM6
2022-12-16;11.83;IE000JNHCBM6
2022-12-17;11.83;IE000JNHCBM6
2022-12-18;11.83;IE000JNHCBM6
2022-12-19;11.83;IE000JNHCBM6
2022-12-20;11.93;IE000JNHCBM6
2022-12-21;11.87;IE000JNHCBM6
2022-12-22;11.77;IE000JNHCBM6
2022-12-23;11.74;IE000JNHCBM6
2022-12-24;11.74;IE000JNHCBM6
2022-12-25;11.74;IE000JNHCBM6
2022-12-26;11.89;IE000JNHCBM6
2022-12-27;12.14;IE000JNHCBM6
2022-12-28;12.11;IE000JNHCBM6
2022-12-29;12.20;IE000JNHCBM6
2022-12-30;12.20;IE000JNHCBM6
2022-12-31;12.20;IE000JNHCBM6
2023-01-01;12.20;IE000JNHCBM6
2023-01-02;12.16;IE000JNHCBM6
2023-01-03;12.54;IE000JNHCBM6
2023-01-04;12.41;IE000JNHCBM6
2023-01-05;12.33;IE000JNHCBM6
2023-01-06;12.73;IE000JNHCBM6
2023-01-07;12.73;IE000JNHCBM6
2023-01-08;12.73;IE000JNHCBM6
2023-01-09;12.69;IE000JNHCBM6
2023-01-10;12.55;IE000JNHCBM6
2023-01-11;12.76;IE000JNHCBM6
2023-01-12;12.95;IE000JNHCBM6
2023-01-13;12.83;IE000JNHCBM6
2023-01-14;12.83;IE000JNHCBM6
2023-01-15;12.83;IE000JNHCBM6
2023-01-16;12.96;IE000JNHCBM6
2023-01-17;12.90;IE000JNHCBM6
2023-01-18;12.90;IE000JNHCBM6
2023-01-19;12.62;IE000JNHCBM6
2023-01-20;12.59;IE000JNHCBM6
2023-01-21;12.59;IE000JNHCBM6
2023-01-22;12.59;IE000JNHCBM6
2023-01-23;12.57;IE000JNHCBM6
2023-01-24;12.55;IE000JNHCBM6
2023-01-25;12.45;IE000JNHCBM6
2023-01-26;12.44;IE000JNHCBM6
2023-01-27;12.39;IE000JNHCBM6
2023-01-28;12.39;IE000JNHCBM6
2023-01-29;12.39;IE000JNHCBM6
2023-01-30;12.38;IE000JNHCBM6
2023-01-31;12.61;IE000JNHCBM6
2023-02-01;12.66;IE000JNHCBM6
2023-02-02;12.72;IE000JNHCBM6
2023-02-03;12.52;IE000JNHCBM6
2023-02-04;12.52;IE000JNHCBM6
2023-02-05;12.52;IE000JNHCBM6
2023-02-06;12.54;IE000JNHCBM6
2023-02-07;12.63;IE000JNHCBM6
2023-02-08;12.67;IE000JNHCBM6
2023-02-09;12.82;IE000JNHCBM6
2023-02-10;12.74;IE000JNHCBM6
2023-02-11;12.74;IE000JNHCBM6
2023-02-12;12.74;IE000JNHCBM6
2023-02-13;12.75;IE000JNHCBM6
2023-02-14;12.54;IE000JNHCBM6
2023-02-15;12.52;IE000JNHCBM6
2023-02-16;12.40;IE000JNHCBM6
2023-02-17;12.39;IE000JNHCBM6
2023-02-18;12.39;IE000JNHCBM6
2023-02-19;12.39;IE000JNHCBM6
2023-02-20;12.51;IE000JNHCBM6
2023-02-21;12.47;IE000JNHCBM6
2023-02-22;12.33;IE000JNHCBM6
2023-02-23;12.32;IE000JNHCBM6
2023-02-24;12.20;IE000JNHCBM6
2023-02-25;12.20;IE000JNHCBM6
2023-02-26;12.20;IE000JNHCBM6
2023-02-27;12.22;IE000JNHCBM6
2023-02-28;12.16;IE000JNHCBM6
2023-03-01;12.19;IE000JNHCBM6
2023-03-02;12.08;IE000JNHCBM6
2023-03-03;12.13;IE000JNHCBM6
2023-03-04;12.13;IE000JNHCBM6
2023-03-05;12.13;IE000JNHCBM6
2023-03-06;12.21;IE000JNHCBM6
2023-03-07;12.01;IE000JNHCBM6
2023-03-08;12.15;IE000JNHCBM6
2023-03-09;12.14;IE000JNHCBM6
2023-03-10;11.94;IE000JNHCBM6
2023-03-11;11.94;IE000JNHCBM6
2023-03-12;11.94;IE000JNHCBM6
2023-03-13;11.84;IE000JNHCBM6
2023-03-14;11.87;IE000JNHCBM6
2023-03-15;11.78;IE000JNHCBM6
2023-03-16;11.63;IE000JNHCBM6
2023-03-17;11.42;IE000JNHCBM6
2023-03-18;11.42;IE000JNHCBM6
2023-03-19;11.42;IE000JNHCBM6
2023-03-20;11.39;IE000JNHCBM6
2023-03-21;11.45;IE000JNHCBM6
2023-03-22;11.40;IE000JNHCBM6
2023-03-23;11.34;IE000JNHCBM6
2023-03-24;11.34;IE000JNHCBM6
2023-03-25;11.34;IE000JNHCBM6
2023-03-26;11.34;IE000JNHCBM6
2023-03-27;11.49;IE000JNHCBM6
2023-03-28;11.32;IE000JNHCBM6
2023-03-29;11.37;IE000JNHCBM6
2023-03-30;11.69;IE000JNHCBM6
2023-03-31;11.72;IE000JNHCBM6
2023-04-01;11.72;IE000JNHCBM6
2023-04-02;11.72;IE000JNHCBM6
2023-04-03;11.67;IE000JNHCBM6
2023-04-04;11.54;IE000JNHCBM6
2023-04-05;11.47;IE000JNHCBM6
2023-04-06;11.49;IE000JNHCBM6
2023-04-07;11.49;IE000JNHCBM6
2023-04-08;11.49;IE000JNHCBM6
2023-04-09;11.49;IE000JNHCBM6
2023-04-10;11.50;IE000JNHCBM6
2023-04-11;11.49;IE000JNHCBM6
2023-04-12;11.51;IE000JNHCBM6
2023-04-13;11.50;IE000JNHCBM6
2023-04-14;11.42;IE000JNHCBM6
2023-04-15;11.42;IE000JNHCBM6
2023-04-16;11.42;IE000JNHCBM6
2023-04-17;11.51;IE000JNHCBM6
2023-04-18;11.47;IE000JNHCBM6
2023-04-19;11.41;IE000JNHCBM6
2023-04-20;11.27;IE000JNHCBM6
2023-04-21;11.18;IE000JNHCBM6
2023-04-22;11.18;IE000JNHCBM6
2023-04-23;11.18;IE000JNHCBM6
2023-04-24;11.13;IE000JNHCBM6
2023-04-25;10.97;IE000JNHCBM6
2023-04-26;11.03;IE000JNHCBM6
2023-04-27;11.14;IE000JNHCBM6
2023-04-28;11.15;IE000JNHCBM6
2023-04-29;11.15;IE000JNHCBM6
2023-04-30;11.15;IE000JNHCBM6
2023-05-01;11.13;IE000JNHCBM6
2023-05-02;11.08;IE000JNHCBM6
2023-05-03;10.97;IE000JNHCBM6
2023-05-04;10.94;IE000JNHCBM6
2023-05-05;10.93;IE000JNHCBM6
2023-05-06;10.93;IE000JNHCBM6
2023-05-07;10.93;IE000JNHCBM6
2023-05-08;11.02;IE000JNHCBM6
2023-05-09;10.97;IE000JNHCBM6
2023-05-10;11.16;IE000JNHCBM6
2023-05-11;11.14;IE000JNHCBM6
2023-05-12;11.29;IE000JNHCBM6
2023-05-13;11.29;IE000JNHCBM6
2023-05-14;11.29;IE000JNHCBM6
2023-05-15;11.55;IE000JNHCBM6
2023-05-16;11.55;IE000JNHCBM6
2023-05-17;11.52;IE000JNHCBM6
2023-05-18;11.45;IE000JNHCBM6
2023-05-19;11.42;IE000JNHCBM6
2023-05-20;11.42;IE000JNHCBM6
2023-05-21;11.42;IE000JNHCBM6
2023-05-22;11.53;IE000JNHCBM6
2023-05-23;11.46;IE000JNHCBM6
2023-05-24;11.35;IE000JNHCBM6
2023-05-25;11.42;IE000JNHCBM6
2023-05-26;11.29;IE000JNHCBM6
2023-05-27;11.29;IE000JNHCBM6
2023-05-28;11.29;IE000JNHCBM6
2023-05-29;11.27;IE000JNHCBM6
2023-05-30;11.23;IE000JNHCBM6
2023-05-31;11.13;IE000JNHCBM6
2023-06-01;11.23;IE000JNHCBM6
2023-06-02;11.37;IE000JNHCBM6
2023-06-03;11.37;IE000JNHCBM6
2023-06-04;11.37;IE000JNHCBM6
2023-06-05;11.32;IE000JNHCBM6
2023-06-06;11.29;IE000JNHCBM6
2023-06-07;11.15;IE000JNHCBM6
2023-06-08;11.11;IE000JNHCBM6
2023-06-09;11.13;IE000JNHCBM6
2023-06-10;11.13;IE000JNHCBM6
2023-06-11;11.13;IE000JNHCBM6
2023-06-12;11.04;IE000JNHCBM6
2023-06-13;10.97;IE000JNHCBM6
2023-06-14;10.90;IE000JNHCBM6
2023-06-15;11.04;IE000JNHCBM6
2023-06-16;11.01;IE000JNHCBM6
2023-06-17;11.01;IE000JNHCBM6
2023-06-18;11.01;IE000JNHCBM6
2023-06-19;11.00;IE000JNHCBM6
2023-06-20;10.91;IE000JNHCBM6
2023-06-21;10.85;IE000JNHCBM6
2023-06-22;10.78;IE000JNHCBM6
2023-06-23;10.63;IE000JNHCBM6
2023-06-24;10.63;IE000JNHCBM6
2023-06-25;10.63;IE000JNHCBM6
2023-06-26;10.53;IE000JNHCBM6
2023-06-27;10.54;IE000JNHCBM6
2023-06-28;10.52;IE000JNHCBM6
2023-06-29;10.54;IE000JNHCBM6
2023-06-30;10.71;IE000JNHCBM6
2023-07-01;10.71;IE000JNHCBM6
2023-07-02;10.71;IE000JNHCBM6
2023-07-03;10.84;IE000JNHCBM6
2023-07-04;10.90;IE000JNHCBM6
2023-07-05;10.70;IE000JNHCBM6
2023-07-06;10.51;IE000JNHCBM6
2023-07-07;10.48;IE000JNHCBM6
2023-07-08;10.48;IE000JNHCBM6
2023-07-09;10.48;IE000JNHCBM6
2023-07-10;10.46;IE000JNHCBM6
2023-07-11;10.51;IE000JNHCBM6
2023-07-12;10.63;IE000JNHCBM6
2023-07-13;10.68;IE000JNHCBM6
2023-07-14;10.51;IE000JNHCBM6
2023-07-15;10.51;IE000JNHCBM6
2023-07-16;10.51;IE000JNHCBM6
2023-07-17;10.46;IE000JNHCBM6
2023-07-18;10.43;IE000JNHCBM6
2023-07-19;10.50;IE000JNHCBM6
2023-07-20;10.51;IE000JNHCBM6
2023-07-21;10.54;IE000JNHCBM6
2023-07-22;10.54;IE000JNHCBM6
2023-07-23;10.54;IE000JNHCBM6
2023-07-24;10.52;IE000JNHCBM6
2023-07-25;10.65;IE000JNHCBM6
2023-07-26;10.62;IE000JNHCBM6
2023-07-27;10.44;IE000JNHCBM6
2023-07-28;10.48;IE000JNHCBM6
2023-07-29;10.48;IE000JNHCBM6
2023-07-30;10.48;IE000JNHCBM6
2023-07-31;10.53;IE000JNHCBM6
2023-08-01;10.42;IE000JNHCBM6
2023-08-02;10.18;IE000JNHCBM6
2023-08-03;10.25;IE000JNHCBM6
2023-08-04;10.26;IE000JNHCBM6
2023-08-05;10.26;IE000JNHCBM6
2023-08-06;10.26;IE000JNHCBM6
2023-08-07;10.11;IE000JNHCBM6
2023-08-08;10.05;IE000JNHCBM6
2023-08-09;10.05;IE000JNHCBM6
2023-08-10;9.99;IE000JNHCBM6
2023-08-11;9.76;IE000JNHCBM6
2023-08-12;9.76;IE000JNHCBM6
2023-08-13;9.76;IE000JNHCBM6
2023-08-14;9.81;IE000JNHCBM6
2023-08-15;9.67;IE000JNHCBM6
2023-08-16;9.60;IE000JNHCBM6
2023-08-17;9.53;IE000JNHCBM6
2023-08-18;9.56;IE000JNHCBM6
2023-08-19;9.56;IE000JNHCBM6
2023-08-20;9.56;IE000JNHCBM6
2023-08-21;9.42;IE000JNHCBM6
2023-08-22;9.48;IE000JNHCBM6
2023-08-23;9.61;IE000JNHCBM6
2023-08-24;9.58;IE000JNHCBM6
2023-08-25;9.48;IE000JNHCBM6
2023-08-26;9.48;IE000JNHCBM6
2023-08-27;9.48;IE000JNHCBM6
2023-08-28;9.59;IE000JNHCBM6
2023-08-29;9.81;IE000JNHCBM6
2023-08-30;9.54;IE000JNHCBM6
2023-08-31;9.49;IE000JNHCBM6
2023-09-01;9.53;IE000JNHCBM6
2023-09-02;9.53;IE000JNHCBM6
2023-09-03;9.53;IE000JNHCBM6
2023-09-04;9.65;IE000JNHCBM6
2023-09-05;9.55;IE000JNHCBM6
2023-09-06;9.33;IE000JNHCBM6
2023-09-07;9.21;IE000JNHCBM6
2023-09-08;9.23;IE000JNHCBM6
2023-09-09;9.23;IE000JNHCBM6
2023-09-10;9.23;IE000JNHCBM6
2023-09-11;9.35;IE000JNHCBM6
2023-09-12;9.36;IE000JNHCBM6
2023-09-13;9.37;IE000JNHCBM6
2023-09-14;9.49;IE000JNHCBM6
2023-09-15;9.52;IE000JNHCBM6
2023-09-16;9.52;IE000JNHCBM6
2023-09-17;9.52;IE000JNHCBM6
2023-09-18;9.48;IE000JNHCBM6
2023-09-19;9.36;IE000JNHCBM6
2023-09-20;9.37;IE000JNHCBM6
2023-09-21;9.21;IE000JNHCBM6
2023-09-22;9.30;IE000JNHCBM6
2023-09-23;9.30;IE000JNHCBM6
2023-09-24;9.30;IE000JNHCBM6
2023-09-25;9.19;IE000JNHCBM6
2023-09-26;9.06;IE000JNHCBM6
2023-09-27;9.15;IE000JNHCBM6
2023-09-28;9.16;IE000JNHCBM6
2023-09-29;9.18;IE000JNHCBM6
2023-09-30;9.18;IE000JNHCBM6
2023-10-01;9.18;IE000JNHCBM6
2023-10-02;8.98;IE000JNHCBM6
2023-10-03;8.89;IE000JNHCBM6
2023-10-04;8.77;IE000JNHCBM6
2023-10-05;8.77;IE000JNHCBM6
2023-10-06;8.79;IE000JNHCBM6
2023-10-07;8.79;IE000JNHCBM6
2023-10-08;8.79;IE000JNHCBM6
2023-10-09;8.86;IE000JNHCBM6
2023-10-10;9.01;IE000JNHCBM6
2023-10-11;9.02;IE000JNHCBM6
2023-10-12;9.02;IE000JNHCBM6
2023-10-13;8.95;IE000JNHCBM6
2023-10-14;8.95;IE000JNHCBM6
2023-10-15;8.95;IE000JNHCBM6
2023-10-16;8.89;IE000JNHCBM6
2023-10-17;8.88;IE000JNHCBM6
2023-10-18;8.66;IE000JNHCBM6
2023-10-19;8.58;IE000JNHCBM6
2023-10-20;8.62;IE000JNHCBM6
2023-10-21;8.62;IE000JNHCBM6
2023-10-22;8.62;IE000JNHCBM6
2023-10-23;8.56;IE000JNHCBM6
2023-10-24;8.64;IE000JNHCBM6
2023-10-25;8.63;IE000JNHCBM6
2023-10-26;8.67;IE000JNHCBM6
2023-10-27;8.60;IE000JNHCBM6
2023-10-28;8.60;IE000JNHCBM6
2023-10-29;8.60;IE000JNHCBM6
2023-10-30;8.54;IE000JNHCBM6
2023-10-31;8.44;IE000JNHCBM6
2023-11-01;8.62;IE000JNHCBM6
2023-11-02;8.77;IE000JNHCBM6
2023-11-03;8.95;IE000JNHCBM6
2023-11-04;8.95;IE000JNHCBM6
2023-11-05;8.95;IE000JNHCBM6
2023-11-06;9.02;IE000JNHCBM6
2023-11-07;8.92;IE000JNHCBM6
2023-11-08;9.00;IE000JNHCBM6
2023-11-09;9.03;IE000JNHCBM6
2023-11-10;8.90;IE000JNHCBM6
2023-11-11;8.90;IE000JNHCBM6
2023-11-12;8.90;IE000JNHCBM6
2023-11-13;8.90;IE000JNHCBM6
2023-11-14;9.15;IE000JNHCBM6
2023-11-15;9.16;IE000JNHCBM6
2023-11-16;9.07;IE000JNHCBM6
2023-11-17;9.08;IE000JNHCBM6
2023-11-18;9.08;IE000JNHCBM6
2023-11-19;9.08;IE000JNHCBM6
2023-11-20;9.17;IE000JNHCBM6
2023-11-21;9.04;IE000JNHCBM6
2023-11-22;8.94;IE000JNHCBM6
2023-11-23;8.93;IE000JNHCBM6
2023-11-24;8.89;IE000JNHCBM6
2023-11-25;8.89;IE000JNHCBM6
2023-11-26;8.89;IE000JNHCBM6
2023-11-27;8.80;IE000JNHCBM6
2023-11-28;8.92;IE000JNHCBM6
2023-11-29;8.96;IE000JNHCBM6
2023-11-30;9.07;IE000JNHCBM6
2023-12-01;9.09;IE000JNHCBM6
2023-12-02;9.09;IE000JNHCBM6
2023-12-03;9.09;IE000JNHCBM6
2023-12-04;9.07;IE000JNHCBM6
2023-12-05;9.12;IE000JNHCBM6
2023-12-06;9.19;IE000JNHCBM6
2023-12-07;9.09;IE000JNHCBM6
2023-12-08;9.07;IE000JNHCBM6
2023-12-09;9.07;IE000JNHCBM6
2023-12-10;9.07;IE000JNHCBM6
2023-12-11;9.04;IE000JNHCBM6
2023-12-12;8.94;IE000JNHCBM6
2023-12-13;8.96;IE000JNHCBM6
2023-12-14;9.25;IE000JNHCBM6
2023-12-15;9.24;IE000JNHCBM6
2023-12-16;9.24;IE000JNHCBM6
2023-12-17;9.24;IE000JNHCBM6
2023-12-18;9.11;IE000JNHCBM6
2023-12-19;9.11;IE000JNHCBM6
2023-12-20;9.13;IE000JNHCBM6
2023-12-21;9.15;IE000JNHCBM6
2023-12-22;9.15;IE000JNHCBM6
2023-12-23;9.15;IE000JNHCBM6
2023-12-24;9.15;IE000JNHCBM6
2023-12-25;9.15;IE000JNHCBM6
2023-12-26;9.15;IE000JNHCBM6
2023-12-27;9.26;IE000JNHCBM6
2023-12-28;9.46;IE000JNHCBM6
2023-12-29;9.50;IE000JNHCBM6
2023-12-30;9.50;IE000JNHCBM6
2023-12-31;9.50;IE000JNHCBM6
2024-01-01;9.50;IE000JNHCBM6
2024-01-02;9.40;IE000JNHCBM6
2024-01-03;9.21;IE000JNHCBM6
2024-01-04;9.19;IE000JNHCBM6
2024-01-05;9.19;IE000JNHCBM6
2024-01-06;9.19;IE000JNHCBM6
2024-01-07;9.19;IE000JNHCBM6
2024-01-08;9.14;IE000JNHCBM6
2024-01-09;9.11;IE000JNHCBM6
2024-01-10;9.09;IE000JNHCBM6
2024-01-11;9.07;IE000JNHCBM6
2024-01-12;9.17;IE000JNHCBM6
2024-01-13;9.17;IE000JNHCBM6
2024-01-14;9.17;IE000JNHCBM6
2024-01-15;9.08;IE000JNHCBM6
2024-01-16;9.01;IE000JNHCBM6
2024-01-17;8.72;IE000JNHCBM6
2024-01-18;8.78;IE000JNHCBM6
2024-01-19;8.73;IE000JNHCBM6
2024-01-20;8.73;IE000JNHCBM6
2024-01-21;8.73;IE000JNHCBM6
2024-01-22;8.64;IE000JNHCBM6
2024-01-23;8.75;IE000JNHCBM6
2024-01-24;8.82;IE000JNHCBM6
2024-01-25;8.84;IE000JNHCBM6
2024-01-26;8.84;IE000JNHCBM6
2024-01-27;8.84;IE000JNHCBM6
2024-01-28;8.84;IE000JNHCBM6
2024-01-29;8.81;IE000JNHCBM6
2024-01-30;8.66;IE000JNHCBM6
2024-01-31;8.67;IE000JNHCBM6
2024-02-01;8.62;IE000JNHCBM6
2024-02-02;8.41;IE000JNHCBM6
2024-02-03;8.41;IE000JNHCBM6
2024-02-04;8.41;IE000JNHCBM6
2024-02-05;8.25;IE000JNHCBM6
2024-02-06;8.49;IE000JNHCBM6
2024-02-07;8.65;IE000JNHCBM6
2024-02-08;8.70;IE000JNHCBM6
2024-02-09;8.66;IE000JNHCBM6
2024-02-10;8.66;IE000JNHCBM6
2024-02-11;8.66;IE000JNHCBM6
2024-02-12;8.73;IE000JNHCBM6
2024-02-13;8.63;IE000JNHCBM6
2024-02-14;8.71;IE000JNHCBM6
2024-02-15;8.74;IE000JNHCBM6
2024-02-16;8.67;IE000JNHCBM6
2024-02-17;8.67;IE000JNHCBM6
2024-02-18;8.67;IE000JNHCBM6
2024-02-19;8.61;IE000JNHCBM6
2024-02-20;8.56;IE000JNHCBM6
2024-02-21;8.57;IE000JNHCBM6
2024-02-22;8.55;IE000JNHCBM6
2024-02-23;8.51;IE000JNHCBM6
2024-02-24;8.51;IE000JNHCBM6
2024-02-25;8.51;IE000JNHCBM6
2024-02-26;8.51;IE000JNHCBM6
2024-02-27;8.59;IE000JNHCBM6
2024-02-28;8.52;IE000JNHCBM6
2024-02-29;8.72;IE000JNHCBM6
2024-03-01;8.83;IE000JNHCBM6
2024-03-02;8.83;IE000JNHCBM6
2024-03-03;8.83;IE000JNHCBM6
2024-03-04;8.71;IE000JNHCBM6
2024-03-05;8.67;IE000JNHCBM6
2024-03-06;8.88;IE000JNHCBM6
2024-03-07;8.82;IE000JNHCBM6
2024-03-08;8.88;IE000JNHCBM6
2024-03-09;8.88;IE000JNHCBM6
2024-03-10;8.88;IE000JNHCBM6
2024-03-11;8.90;IE000JNHCBM6
2024-03-12;8.85;IE000JNHCBM6
2024-03-13;8.75;IE000JNHCBM6
2024-03-14;8.72;IE000JNHCBM6
2024-03-15;8.66;IE000JNHCBM6
2024-03-16;8.66;IE000JNHCBM6
2024-03-17;8.66;IE000JNHCBM6
2024-03-18;8.72;IE000JNHCBM6
2024-03-19;8.68;IE000JNHCBM6
2024-03-20;8.71;IE000JNHCBM6
2024-03-21;8.70;IE000JNHCBM6
2024-03-22;8.73;IE000JNHCBM6
2024-03-23;8.73;IE000JNHCBM6
2024-03-24;8.73;IE000JNHCBM6
2024-03-25;8.65;IE000JNHCBM6
2024-03-26;8.62;IE000JNHCBM6
2024-03-27;8.57;IE000JNHCBM6
2024-03-28;8.60;IE000JNHCBM6
2024-03-29;8.58;IE000JNHCBM6
2024-03-30;8.58;IE000JNHCBM6
2024-03-31;8.58;IE000JNHCBM6
2024-04-01;8.60;IE000JNHCBM6
2024-04-02;8.68;IE000JNHCBM6
2024-04-03;8.62;IE000JNHCBM6
2024-04-04;8.63;IE000JNHCBM6
2024-04-05;8.53;IE000JNHCBM6
2024-04-06;8.53;IE000JNHCBM6
2024-04-07;8.53;IE000JNHCBM6
2024-04-08;8.60;IE000JNHCBM6
2024-04-09;8.68;IE000JNHCBM6
2024-04-10;8.48;IE000JNHCBM6
2024-04-11;8.59;IE000JNHCBM6
2024-04-12;8.62;IE000JNHCBM6
2024-04-13;8.62;IE000JNHCBM6
2024-04-14;8.62;IE000JNHCBM6
2024-04-15;8.56;IE000JNHCBM6
2024-04-16;8.37;IE000JNHCBM6
2024-04-17;8.44;IE000JNHCBM6
2024-04-18;8.47;IE000JNHCBM6
2024-04-19;8.40;IE000JNHCBM6
2024-04-20;8.40;IE000JNHCBM6
2024-04-21;8.40;IE000JNHCBM6
2024-04-22;8.43;IE000JNHCBM6
2024-04-23;8.46;IE000JNHCBM6
2024-04-24;8.38;IE000JNHCBM6
2024-04-25;8.32;IE000JNHCBM6
2024-04-26;8.46;IE000JNHCBM6
2024-04-27;8.46;IE000JNHCBM6
2024-04-28;8.46;IE000JNHCBM6
2024-04-29;8.72;IE000JNHCBM6
2024-04-30;8.64;IE000JNHCBM6
2024-05-01;8.64;IE000JNHCBM6
2024-05-02;8.70;IE000JNHCBM6
2024-05-03;8.81;IE000JNHCBM6
2024-05-04;8.81;IE000JNHCBM6
2024-05-05;8.81;IE000JNHCBM6
2024-05-06;8.89;IE000JNHCBM6
2024-05-07;8.97;IE000JNHCBM6
2024-05-08;9.00;IE000JNHCBM6
2024-05-09;9.08;IE000JNHCBM6
2024-05-10;9.07;IE000JNHCBM6
2024-05-11;9.07;IE000JNHCBM6
2024-05-12;9.07;IE000JNHCBM6
2024-05-13;9.14;IE000JNHCBM6
2024-05-14;9.16;IE000JNHCBM6
2024-05-15;9.25;IE000JNHCBM6
2024-05-16;9.25;IE000JNHCBM6
2024-05-17;9.15;IE000JNHCBM6
2024-05-18;9.15;IE000JNHCBM6
2024-05-19;9.15;IE000JNHCBM6
2024-05-20;9.15;IE000JNHCBM6
2024-05-21;9.10;IE000JNHCBM6
2024-05-22;9.16;IE000JNHCBM6
2024-05-23;9.03;IE000JNHCBM6
2024-05-24;9.05;IE000JNHCBM6
2024-05-25;9.05;IE000JNHCBM6
2024-05-26;9.05;IE000JNHCBM6
2024-05-27;9.22;IE000JNHCBM6
2024-05-28;9.26;IE000JNHCBM6
2024-05-29;9.08;IE000JNHCBM6
2024-05-30;9.30;IE000JNHCBM6
2024-05-31;9.21;IE000JNHCBM6
2024-06-01;9.21;IE000JNHCBM6
2024-06-02;9.21;IE000JNHCBM6
2024-06-03;9.24;IE000JNHCBM6
2024-06-04;9.24;IE000JNHCBM6
2024-06-05;9.22;IE000JNHCBM6
2024-06-06;9.09;IE000JNHCBM6
2024-06-07;9.06;IE000JNHCBM6
2024-06-08;9.06;IE000JNHCBM6
2024-06-09;9.06;IE000JNHCBM6
2024-06-10;9.10;IE000JNHCBM6
2024-06-11;9.09;IE000JNHCBM6
2024-06-12;9.15;IE000JNHCBM6
2024-06-13;9.11;IE000JNHCBM6
2024-06-14;9.12;IE000JNHCBM6
2024-06-15;9.12;IE000JNHCBM6
2024-06-16;9.12;IE000JNHCBM6
2024-06-17;9.00;IE000JNHCBM6
2024-06-18;9.01;IE000JNHCBM6
2024-06-19;8.88;IE000JNHCBM6
2024-06-20;8.83;IE000JNHCBM6
2024-06-21;8.81;IE000JNHCBM6
2024-06-22;8.81;IE000JNHCBM6
2024-06-23;8.81;IE000JNHCBM6
2024-06-24;8.80;IE000JNHCBM6
2024-06-25;8.73;IE000JNHCBM6
2024-06-26;8.77;IE000JNHCBM6
2024-06-27;8.63;IE000JNHCBM6
2024-06-28;8.56;IE000JNHCBM6
2024-06-29;8.56;IE000JNHCBM6
2024-06-30;8.56;IE000JNHCBM6
2024-07-01;8.58;IE000JNHCBM6
2024-07-02;8.54;IE000JNHCBM6
2024-07-03;8.57;IE000JNHCBM6
2024-07-04;8.58;IE000JNHCBM6
2024-07-05;8.60;IE000JNHCBM6
2024-07-06;8.60;IE000JNHCBM6
2024-07-07;8.60;IE000JNHCBM6
2024-07-08;8.50;IE000JNHCBM6
2024-07-09;8.52;IE000JNHCBM6
2024-07-10;8.49;IE000JNHCBM6
2024-07-11;8.64;IE000JNHCBM6
2024-07-12;8.66;IE000JNHCBM6
2024-07-13;8.66;IE000JNHCBM6
2024-07-14;8.66;IE000JNHCBM6
2024-07-15;8.41;IE000JNHCBM6
2024-07-16;8.36;IE000JNHCBM6
2024-07-17;8.26;IE000JNHCBM6
2024-07-18;8.31;IE000JNHCBM6
2024-07-19;8.41;IE000JNHCBM6
2024-07-20;8.41;IE000JNHCBM6
2024-07-21;8.41;IE000JNHCBM6
2024-07-22;8.50;IE000JNHCBM6
2024-07-23;8.46;IE000JNHCBM6
2024-07-24;8.60;IE000JNHCBM6
2024-07-25;8.73;IE000JNHCBM6
2024-07-26;8.78;IE000JNHCBM6
2024-07-27;8.78;IE000JNHCBM6
2024-07-28;8.78;IE000JNHCBM6
2024-07-29;8.75;IE000JNHCBM6
2024-07-30;8.71;IE000JNHCBM6
2024-07-31;8.82;IE000JNHCBM6
2024-08-01;8.81;IE000JNHCBM6
2024-08-02;8.79;IE000JNHCBM6
2024-08-03;8.79;IE000JNHCBM6
2024-08-04;8.79;IE000JNHCBM6
2024-08-05;8.43;IE000JNHCBM6
2024-08-06;8.55;IE000JNHCBM6
2024-08-07;8.64;IE000JNHCBM6
2024-08-08;8.67;IE000JNHCBM6
2024-08-09;8.67;IE000JNHCBM6
2024-08-10;8.67;IE000JNHCBM6
2024-08-11;8.67;IE000JNHCBM6
2024-08-12;8.61;IE000JNHCBM6
2024-08-13;8.70;IE000JNHCBM6
2024-08-14;8.63;IE000JNHCBM6
2024-08-15;8.58;IE000JNHCBM6
2024-08-16;8.50;IE000JNHCBM6
2024-08-17;8.50;IE000JNHCBM6
2024-08-18;8.50;IE000JNHCBM6
2024-08-19;8.50;IE000JNHCBM6
2024-08-20;8.39;IE000JNHCBM6
2024-08-21;8.33;IE000JNHCBM6
2024-08-22;8.28;IE000JNHCBM6
2024-08-23;8.34;IE000JNHCBM6
2024-08-24;8.34;IE000JNHCBM6
2024-08-25;8.34;IE000JNHCBM6
2024-08-26;8.31;IE000JNHCBM6
2024-08-27;8.37;IE000JNHCBM6
2024-08-28;8.42;IE000JNHCBM6
2024-08-29;8.48;IE000JNHCBM6
2024-08-30;8.50;IE000JNHCBM6
2024-08-31;8.50;IE000JNHCBM6
2024-09-01;8.50;IE000JNHCBM6
2024-09-02;8.35;IE000JNHCBM6
2024-09-03;8.31;IE000JNHCBM6
2024-09-04;8.33;IE000JNHCBM6
2024-09-05;8.37;IE000JNHCBM6
2024-09-06;8.27;IE000JNHCBM6
2024-09-07;8.27;IE000JNHCBM6
2024-09-08;8.27;IE000JNHCBM6
2024-09-09;8.19;IE000JNHCBM6
2024-09-10;8.17;IE000JNHCBM6
2024-09-11;8.33;IE000JNHCBM6
2024-09-12;8.42;IE000JNHCBM6
2024-09-13;8.50;IE000JNHCBM6
2024-09-14;8.50;IE000JNHCBM6
2024-09-15;8.50;IE000JNHCBM6
2024-09-16;8.44;IE000JNHCBM6
2024-09-17;8.47;IE000JNHCBM6
2024-09-18;8.50;IE000JNHCBM6
2024-09-19;8.52;IE000JNHCBM6
2024-09-20;8.49;IE000JNHCBM6
2024-09-21;8.49;IE000JNHCBM6
2024-09-22;8.49;IE000JNHCBM6
2024-09-23;8.53;IE000JNHCBM6
2024-09-24;8.66;IE000JNHCBM6
2024-09-25;8.61;IE000JNHCBM6
2024-09-26;8.74;IE000JNHCBM6
2024-09-27;8.94;IE000JNHCBM6
2024-09-28;8.94;IE000JNHCBM6
2024-09-29;8.94;IE000JNHCBM6
2024-09-30;9.17;IE000JNHCBM6
2024-10-01;9.16;IE000JNHCBM6
2024-10-02;9.06;IE000JNHCBM6
2024-10-03;9.06;IE000JNHCBM6
2024-10-04;9.00;IE000JNHCBM6
2024-10-05;9.00;IE000JNHCBM6
2024-10-06;9.00;IE000JNHCBM6
2024-10-07;9.12;IE000JNHCBM6
2024-10-08;9.28;IE000JNHCBM6
2024-10-09;8.97;IE000JNHCBM6
2024-10-10;8.96;IE000JNHCBM6
2024-10-11;8.80;IE000JNHCBM6
2024-10-12;8.80;IE000JNHCBM6
2024-10-13;8.80;IE000JNHCBM6
2024-10-14;8.83;IE000JNHCBM6
2024-10-15;8.67;IE000JNHCBM6
2024-10-16;8.68;IE000JNHCBM6
2024-10-17;8.66;IE000JNHCBM6
2024-10-18;8.80;IE000JNHCBM6
2024-10-19;8.80;IE000JNHCBM6
2024-10-20;8.80;IE000JNHCBM6
2024-10-21;8.83;IE000JNHCBM6
2024-10-22;8.95;IE000JNHCBM6
2024-10-23;9.19;IE000JNHCBM6
2024-10-24;9.07;IE000JNHCBM6
2024-10-25;9.19;IE000JNHCBM6
2024-10-26;9.19;IE000JNHCBM6
2024-10-27;9.19;IE000JNHCBM6
2024-10-28;9.14;IE000JNHCBM6
2024-10-29;8.94;IE000JNHCBM6
2024-10-30;8.91;IE000JNHCBM6
2024-10-31;8.90;IE000JNHCBM6
2024-11-01;8.89;IE000JNHCBM6
2024-11-02;8.89;IE000JNHCBM6
2024-11-03;8.89;IE000JNHCBM6
2024-11-04;9.06;IE000JNHCBM6
2024-11-05;9.01;IE000JNHCBM6
2024-11-06;8.76;IE000JNHCBM6
2024-11-07;8.82;IE000JNHCBM6
2024-11-08;8.70;IE000JNHCBM6
2024-11-09;8.70;IE000JNHCBM6
2024-11-10;8.70;IE000JNHCBM6
2024-11-11;8.74;IE000JNHCBM6
2024-11-12;8.55;IE000JNHCBM6
2024-11-13;8.51;IE000JNHCBM6
2024-11-14;8.52;IE000JNHCBM6
2024-11-15;8.45;IE000JNHCBM6
2024-11-16;8.45;IE000JNHCBM6
2024-11-17;8.45;IE000JNHCBM6
2024-11-18;8.44;IE000JNHCBM6
2024-11-19;8.45;IE000JNHCBM6
2024-11-20;8.44;IE000JNHCBM6
2024-11-21;8.44;IE000JNHCBM6
2024-11-22;8.37;IE000JNHCBM6
2024-11-23;8.37;IE000JNHCBM6
2024-11-24;8.37;IE000JNHCBM6
2024-11-25;8.53;IE000JNHCBM6
2024-11-26;8.38;IE000JNHCBM6
2024-11-27;8.65;IE000JNHCBM6
2024-11-28;8.71;IE000JNHCBM6
2024-11-29;8.74;IE000JNHCBM6
2024-11-30;8.74;IE000JNHCBM6
2024-12-01;8.74;IE000JNHCBM6
2024-12-02;8.79;IE000JNHCBM6
2024-12-03;8.76;IE000JNHCBM6
2024-12-04;8.54;IE000JNHCBM6
2024-12-05;8.49;IE000JNHCBM6
2024-12-06;8.47;IE000JNHCBM6
2024-12-07;8.47;IE000JNHCBM6
2024-12-08;8.47;IE000JNHCBM6
2024-12-09;8.55;IE000JNHCBM6
2024-12-10;8.51;IE000JNHCBM6
2024-12-11;8.56;IE000JNHCBM6
2024-12-12;8.55;IE000JNHCBM6
2024-12-13;8.43;IE000JNHCBM6
2024-12-14;8.43;IE000JNHCBM6
2024-12-15;8.43;IE000JNHCBM6
2024-12-16;8.37;IE000JNHCBM6
2024-12-17;8.28;IE000JNHCBM6
2024-12-18;8.34;IE000JNHCBM6
2024-12-19;8.24;IE000JNHCBM6
2024-12-20;8.23;IE000JNHCBM6
2024-12-21;8.23;IE000JNHCBM6
2024-12-22;8.23;IE000JNHCBM6
2024-12-23;8.23;IE000JNHCBM6
2024-12-24;8.30;IE000JNHCBM6
2024-12-25;8.22;IE000JNHCBM6
2024-12-26;8.30;IE000JNHCBM6
2024-12-27;8.15;IE000JNHCBM6
2024-12-28;8.15;IE000JNHCBM6
2024-12-29;8.15;IE000JNHCBM6
2024-12-30;8.07;IE000JNHCBM6
2024-12-31;8.05;IE000JNHCBM6
2025-01-01;8.11;IE000JNHCBM6
2025-01-02;8.08;IE000JNHCBM6
2025-01-03;8.12;IE000JNHCBM6
2025-01-04;8.12;IE000JNHCBM6
2025-01-05;8.12;IE000JNHCBM6
2025-01-06;8.02;IE000JNHCBM6
2025-01-07;8.02;IE000JNHCBM6
2025-01-08;7.82;IE000JNHCBM6
2025-01-09;7.79;IE000JNHCBM6
2025-01-10;7.63;IE000JNHCBM6
2025-01-11;7.63;IE000JNHCBM6
2025-01-12;7.63;IE000JNHCBM6
2025-01-13;7.68;IE000JNHCBM6
2025-01-14;7.76;IE000JNHCBM6
2025-01-15;7.83;IE000JNHCBM6
2025-01-16;7.80;IE000JNHCBM6
2025-01-17;7.87;IE000JNHCBM6
2025-01-18;7.87;IE000JNHCBM6
2025-01-19;7.87;IE000JNHCBM6
2025-01-20;7.92;IE000JNHCBM6
2025-01-21;7.74;IE000JNHCBM6
2025-01-22;7.55;IE000JNHCBM6
2025-01-23;7.58;IE000JNHCBM6
2025-01-24;7.62;IE000JNHCBM6
